english_name,korean_name,raw_categories,match_type,match_keyword,contentid,contenttypeid,title,addr1,lclsSystm1,lclsSystm2,lclsSystm3
Apgujeong Rodeo Street,압구정 로데오거리,기타체험,auto,압구정 로데오거리,126823,12,압구정 로데오거리,서울특별시 강남구 압구정동,EX,EX07,EX070200
Banpo Bridge Rainbow Fountain,반포대교 달빛무지개분수,건축/조형물;랜드마크관광,auto,반포대교 달빛무지개분수,729167,12,반포대교 달빛무지개분수,서울특별시 서초구 반포동,VE,VE01,VE010400
Bukchon Hanok Village,북촌한옥마을,역사관광지;역사유적지,auto,북촌한옥마을,126537,12,북촌한옥마을,서울특별시 종로구 계동길 37 (계동),HS,HS01,HS010600
Bukhansan National Park (Seoul District),북한산국립공원(서울),자연관광지,auto,북한산국립공원(서울),127220,12,북한산국립공원(서울),서울특별시 성북구 보국문로 262 (정릉동),NA,NA04,NA040100
Burdeng Children's Clothing Shopping Center,부르뎅 아동복,쇼핑;전문매장/상가,auto,부르뎅 아동복,1013366,38,부르뎅 아동복 (Burdeng),서울특별시 중구 남대문시장8길 14,SH,SH05,SH050200
Changdeokgung Palace Complex [UNESCO World Heritage],창덕궁과 후원 [유네스코 세계문화유산],역사관광지;역사유적지,auto,창덕궁과 후원,127642,12,창덕궁과 후원 [유네스코 세계유산],서울특별시 종로구 율곡로 99 (와룡동),HS,HS01,HS010100
Changgyeonggung Palace,창경궁,역사관광지;역사유적지,auto,창경궁,126511,12,창경궁,서울특별시 종로구 창경궁로 185 (와룡동),HS,HS01,HS010100
Cheonggyecheon Stream,청계천,도시공원;휴양관광지,auto,청계천,129507,12,청계천,서울특별시 종로구 창신동,VE,VE03,VE030100
Children’s Grand Park,서울 어린이대공원,테마공원;휴양관광지,auto,서울어린이대공원,126490,12,서울어린이대공원,서울특별시 광진구 능동로 216 (능동),VE,VE02,VE020100
Deoksugung Palace,덕수궁,역사관광지;역사유적지,auto,덕수궁,126509,12,덕수궁,서울특별시 중구 세종대로 99 (정동),HS,HS01,HS010100
Dongdaemun Design Plaza,동대문디자인플라자 (DDP),산업관광;산업관광지,auto,동대문디자인플라자,2470006,12,동대문디자인플라자(DDP),서울특별시 중구 을지로 281 (을지로7가),EX,EX06,EX061000
Dongdaemun History & Culture Park,동대문역사문화공원,도시공원,auto,동대문역사문화공원,1906334,12,동대문역사문화공원,서울특별시 중구 을지로 281 (을지로7가),VE,VE03,VE030500
Dongdaemun Shopping Complex·Dongdaemun Shopping Town,동대문 종합시장·동대문 쇼핑타운,쇼핑;시장,auto,동대문종합시장,132200,38,동대문종합시장,서울특별시 종로구 종로 266 (종로6가),SH,SH06,SH060200
Dongdaemun Stationery Store Street,동대문 문구완구거리,체험관광지,auto,동대문 문구완구거리,1187220,12,동대문 문구완구거리 (창신동 문구완구시장),서울특별시 종로구 종로52길 36 (창신동),VE,VE04,VE040100
Goto Mall - Gangnam Terminal Underground Shopping Center,고투몰 (강남터미널 지하도상가),쇼핑,auto,고투몰,132492,38,고투몰(강남터미널 지하쇼핑몰),서울특별시 서초구 신반포로 지하200 (잠원동),SH,SH05,SH050200
Gwanghwamun Gate,광화문,역사유적지,auto,광화문,126512,12,광화문,서울특별시 종로구 사직로 161,HS,HS01,HS010300
Gwanghwamun Square,광화문광장,도시공원,auto,광화문광장,775394,12,광화문광장,서울특별시 종로구 세종대로 172,VE,VE03,VE030500
Gwangjang Market,광장시장,쇼핑;시장,auto,광장시장,132183,38,광장시장,서울특별시 종로구 창경궁로 88,SH,SH06,SH060200
Gwangjang Market Hanbok Shops,광장시장 한복매장,시장,auto,광장시장 한복매장,1013527,38,광장시장 한복매장,서울특별시 종로구 창경궁로 88 (예지동),SH,SH06,SH060200
Gyeongbokgung Palace,경복궁,역사관광지;역사유적지,auto,경복궁,126508,12,경복궁,서울특별시 종로구 사직로 161 (세종로),HS,HS01,HS010100
Hangang River,한강,자연경관(하천‧해양),auto,한강,2733968,12,강서한강공원,서울특별시 강서구 양천로27길 279-23 (방화동),VE,VE03,VE030100
Hangang River Ferry Cruise,이랜드크루즈 (한강유람선),기타체험;휴양관광지,auto,이랜드크루즈,126701,12,이랜드크루즈(한강유람선),서울특별시 영등포구 여의동로 280 (여의도동),EX,EX07,EX070100
HiKR Ground,하이커 그라운드,문화시설;전시시설,auto,하이커 그라운드,2834048,14,하이커 그라운드,서울특별시 중구 청계천로 40 한국관광공사 서울센터,VE,VE07,VE070400
Hongdae (Hongik University Street),홍대,체험관광지,auto,홍대,4012576,38,나나피어싱 홍대점,서울특별시 마포구 와우산로27길 79 (서교동),SH,SH04,SH040300
Insa-dong,인사동,기타체험;체험관광지,auto,인사동,264353,12,인사동,서울특별시 종로구 인사동길 62 (관훈동),EX,EX07,EX070200
Kyobo Bookstore Co._ Ltd.,(주) 교보문고,기타문화관광지,auto,교보문고,130285,14,교보문고,서울특별시 종로구 종로 1,VE,VE12,VE120100
Lotte Department Store - Main Branch,롯데백화점 (본점),백화점;쇼핑,auto,롯데백화점 본점,2928947,38,가네시 롯데백화점 본점,서울특별시 중구 남대문로 81 (소공동),SH,SH04,SH040300
Lotte Mall - Gimpo Airport Branch,롯데몰 김포공항점,쇼핑몰,auto,롯데몰 김포공항점,1535690,38,롯데몰 김포공항점,서울특별시 강서구 하늘길 지하77 (방화동),SH,SH02,SH020100
Lotte World,롯데월드,테마공원;휴양관광지,auto,롯데월드,2902411,38,나이키 롯데월드몰점,서울특별시 송파구 올림픽로 300 (신천동),SH,SH04,SH040300
Lotte World Tower & Mall,롯데월드타워&롯데월드몰,랜드마크관광,auto,롯데월드타워&롯데월드몰,2003909,12,롯데월드타워&롯데월드몰,서울특별시 송파구 올림픽로 300 (신천동),VE,VE01,VE010100
Majang Meat Market,마장 축산물시장,쇼핑;시장,auto,마장 축산물시장,1253230,38,마장 축산물시장,서울특별시 성동구 마장로33길 53 (마장동),SH,SH06,SH060200
Mangwon Market,망원시장,쇼핑,auto,망원시장,2499807,38,망원시장,서울특별시 마포구 포은로6길 27 (망원동),SH,SH06,SH060200
Mario Outlet,마리오아울렛,쇼핑;쇼핑몰,auto,마리오아울렛,3306525,38,가넷옴므 마리오아울렛 1관점,서울특별시 금천구 디지털로 185 (가산동),SH,SH04,SH040300
Myeong-dong,명동,기타체험;체험관광지,auto,명동,4012773,38,가나안경원 명동점,서울특별시 중구 명동8가길 33 (충무로2가),SH,SH04,SH040300
Myeongdong Kyoja,명동교자,한식,auto,명동교자,403053,39,명동교자,서울특별시 중구 명동10길 29 (명동2가),FD,FD01,FD010100
Namdaemun Ginseng Market,남대문인삼시장,시장,auto,남대문인삼시장,132225,38,남대문인삼시장,서울특별시 중구 남대문시장길 25-8 (남대문로4가),SH,SH06,SH060200
Namdaemun Market,남대문시장,쇼핑;시장,auto,남대문시장,132180,38,남대문시장,서울특별시 중구 남대문시장4길 21,SH,SH06,SH060200
Namsan Cable Car,남산 케이블카,기타체험,auto,남산케이블카,128776,12,남산케이블카,서울특별시 중구 소파로 83,EX,EX07,EX070200
Namsan Seoul Tower,남산서울타워,건축/조형물;랜드마크관광,auto,남산서울타워,126535,12,남산서울타워,서울특별시 용산구 남산공원길 105,VE,VE01,VE010200
Namsangol Hanok Village,남산골한옥마을,역사관광지;역사유적지,auto,남산골한옥마을,126747,12,남산골한옥마을,서울특별시 중구 퇴계로34길 28 (필동2가),HS,HS01,HS010600
National Museum of Korean Contemporary History,대한민국역사박물관,전시시설,auto,대한민국역사박물관,1849416,14,대한민국역사박물관,서울특별시 종로구 세종대로 198 (세종로),VE,VE07,VE070100
Seolleung and Jeongneung Royal Tombs [UNESCO World Heritage],서울 선릉(성종과 정현왕후)과 정릉(중종) [유네스코 세계문화유산],역사유적지,auto,서울 선릉과 정릉,126525,12,서울 선릉과 정릉 [유네스코 세계유산],서울특별시 강남구 선릉로100길 1,HS,HS01,HS010800
Seoul Bongeunsa Temple,봉은사 (서울),역사관광지,auto,봉은사,2761709,12,봉은사,충청북도 충주시 소태면 주치길 135-45,HS,HS03,HS030100
Seoul Folk Flea Market,서울 풍물시장,시장,auto,서울풍물시장,1754832,38,서울풍물시장,서울특별시 동대문구 천호대로4길 21 (신설동),SH,SH06,SH060200
Seoul Forest,서울숲,도시공원;휴양관광지,auto,서울숲,128611,12,서울숲,서울특별시 성동구 뚝섬로 273,VE,VE03,VE030100
Seoul Jogyesa Temple,조계사(서울),역사관광지;종교성지,auto,조계사(서울),128144,12,조계사(서울),서울특별시 종로구 우정국로 55 (견지동),HS,HS03,HS030100
Seoul Plaza Ice Skating Rink,서울광장 스케이트장,육상 레포츠;육상레저스포츠,auto,서울광장 스케이트장,663785,28,서울광장 스케이트장,서울특별시 중구 을지로 12 시청광장지하쇼핑센터,LS,LS01,LS010900
Seungjin Toy,승진완구,전문매장/상가,auto,승진완구,1304880,38,승진완구,서울특별시 종로구 종로52길 30 (창신동),SH,SH05,SH050200
Shinsegae Department Store - Main Branch,신세계백화점 (본점),백화점;쇼핑,auto,신세계백화점 본점,2918461,38,갤럭시 신세계백화점 본점,서울특별시 중구 소공로 63 (충무로1가),SH,SH04,SH040300
Sinsa-dong Garosu-gil Road,신사동 가로수길,기타체험,auto,신사동 가로수길,987720,12,신사동 가로수길,서울특별시 강남구 가로수길 23 (신사동),EX,EX07,EX070200
Ssamzigil,쌈지길,도시.지역문화관광;체험관광지,auto,쌈지길,128553,12,쌈지길,서울특별시 종로구 인사동길 44 (관훈동),VE,VE04,VE040100
Starfield COEX Mall,스타필드 코엑스몰,쇼핑;쇼핑몰,auto,스타필드 코엑스몰,2924668,38,골드젬 스타필드 코엑스몰점,서울특별시 강남구 영동대로 513 (삼성동),SH,SH04,SH040300
Starfield Library,별마당도서관,교육시설;문화시설,auto,별마당도서관,2507822,14,별마당도서관,서울특별시 강남구 영동대로 513,VE,VE09,VE090300
Sungnyemun Gate,숭례문,역사유적지,auto,숭례문,128162,12,숭례문,서울특별시 중구 세종대로 40,HS,HS01,HS010300
The War Memorial of Korea,전쟁기념관,전시시설,auto,전쟁기념관,130431,14,전쟁기념관,서울특별시 용산구 이태원로 29,VE,VE07,VE070200
Ttukseom Hangang Park Sledding Hill,한강공원 뚝섬 눈썰매장,육상 레포츠;육상레저스포츠,auto,한강공원 뚝섬 눈썰매장,1148818,28,한강공원 뚝섬 눈썰매장,서울특별시 광진구 강변북로 139,LS,LS01,LS011000
Yeouido Hangang Park,여의도한강공원,도시공원,auto,여의도한강공원,1059479,12,여의도한강공원,서울특별시 영등포구 여의동로 330 (여의도동),VE,VE03,VE030100
Yongsan ETLand,용산전자랜드,전문매장/상가,auto,용산전자랜드,132229,38,용산전자랜드,서울특별시 용산구 청파로 74 (한강로3가),SH,SH05,SH050200
