장소명,카테고리,기준연도,기준월,국적명,체류시작시간대,체류인구수
홍대 관광특구,관광특구,2026,07,기타,01,5945.92
홍대 관광특구,관광특구,2026,07,기타,02,5126.76
홍대 관광특구,관광특구,2026,07,기타,03,4124.96
홍대 관광특구,관광특구,2026,07,기타,04,3141.89
홍대 관광특구,관광특구,2026,07,기타,05,2618.08
홍대 관광특구,관광특구,2026,07,기타,06,2271.44
홍대 관광특구,관광특구,2026,07,기타,07,2669.18
홍대 관광특구,관광특구,2026,07,기타,08,4498.35
홍대 관광특구,관광특구,2026,07,기타,09,7537.29
홍대 관광특구,관광특구,2026,07,기타,10,8427.35
홍대 관광특구,관광특구,2026,07,기타,11,9722.02
홍대 관광특구,관광특구,2026,07,기타,12,12223.36
홍대 관광특구,관광특구,2026,07,기타,13,16318.11
홍대 관광특구,관광특구,2026,07,기타,14,16306.45
홍대 관광특구,관광특구,2026,07,기타,15,17001.19
홍대 관광특구,관광특구,2026,07,기타,16,17719.81
홍대 관광특구,관광특구,2026,07,기타,17,19902.47
홍대 관광특구,관광특구,2026,07,기타,18,22575.06
홍대 관광특구,관광특구,2026,07,기타,19,24474.14
홍대 관광특구,관광특구,2026,07,기타,20,20780.66
홍대 관광특구,관광특구,2026,07,기타,21,17705.06
홍대 관광특구,관광특구,2026,07,기타,22,14474.14
홍대 관광특구,관광특구,2026,07,기타,23,9305.94
홍대 관광특구,관광특구,2026,07,네팔,01,130.03
홍대 관광특구,관광특구,2026,07,네팔,02,82.11
홍대 관광특구,관광특구,2026,07,네팔,03,110.26
홍대 관광특구,관광특구,2026,07,네팔,04,59.04
홍대 관광특구,관광특구,2026,07,네팔,05,28.94
홍대 관광특구,관광특구,2026,07,네팔,06,48.72
홍대 관광특구,관광특구,2026,07,네팔,07,59.61
홍대 관광특구,관광특구,2026,07,네팔,08,72.84
홍대 관광특구,관광특구,2026,07,네팔,09,233.46
홍대 관광특구,관광특구,2026,07,네팔,10,690.47
홍대 관광특구,관광특구,2026,07,네팔,11,222.46
홍대 관광특구,관광특구,2026,07,네팔,12,152.99
홍대 관광특구,관광특구,2026,07,네팔,13,199.8
홍대 관광특구,관광특구,2026,07,네팔,14,232.98
홍대 관광특구,관광특구,2026,07,네팔,15,200.23
홍대 관광특구,관광특구,2026,07,네팔,16,212.91
홍대 관광특구,관광특구,2026,07,네팔,17,204.54
홍대 관광특구,관광특구,2026,07,네팔,18,240.19
홍대 관광특구,관광특구,2026,07,네팔,19,210.32
홍대 관광특구,관광특구,2026,07,네팔,20,264.02
홍대 관광특구,관광특구,2026,07,네팔,21,237.21
홍대 관광특구,관광특구,2026,07,네팔,22,187.13
홍대 관광특구,관광특구,2026,07,네팔,23,166.7
홍대 관광특구,관광특구,2026,07,몽골,01,1233.21
홍대 관광특구,관광특구,2026,07,몽골,02,841.46
홍대 관광특구,관광특구,2026,07,몽골,03,684.11
홍대 관광특구,관광특구,2026,07,몽골,04,415.12
홍대 관광특구,관광특구,2026,07,몽골,05,501.16
홍대 관광특구,관광특구,2026,07,몽골,06,421.89
홍대 관광특구,관광특구,2026,07,몽골,07,338.81
홍대 관광특구,관광특구,2026,07,몽골,08,265.14
홍대 관광특구,관광특구,2026,07,몽골,09,223.17
홍대 관광특구,관광특구,2026,07,몽골,10,289.25
홍대 관광특구,관광특구,2026,07,몽골,11,278.85
홍대 관광특구,관광특구,2026,07,몽골,12,390.78
홍대 관광특구,관광특구,2026,07,몽골,13,334.28
홍대 관광특구,관광특구,2026,07,몽골,14,366.23
홍대 관광특구,관광특구,2026,07,몽골,15,488.06
홍대 관광특구,관광특구,2026,07,몽골,16,562.36
홍대 관광특구,관광특구,2026,07,몽골,17,621.71
홍대 관광특구,관광특구,2026,07,몽골,18,812.14
홍대 관광특구,관광특구,2026,07,몽골,19,773.94
홍대 관광특구,관광특구,2026,07,몽골,20,738.75
홍대 관광특구,관광특구,2026,07,몽골,21,819.46
홍대 관광특구,관광특구,2026,07,몽골,22,833.65
홍대 관광특구,관광특구,2026,07,몽골,23,1173.1
홍대 관광특구,관광특구,2026,07,미국,01,810.83
홍대 관광특구,관광특구,2026,07,미국,02,762.41
홍대 관광특구,관광특구,2026,07,미국,03,479.3
홍대 관광특구,관광특구,2026,07,미국,04,445.47
홍대 관광특구,관광특구,2026,07,미국,05,344.08
홍대 관광특구,관광특구,2026,07,미국,06,389.65
홍대 관광특구,관광특구,2026,07,미국,07,522.23
홍대 관광특구,관광특구,2026,07,미국,08,798.43
홍대 관광특구,관광특구,2026,07,미국,09,1186.2
홍대 관광특구,관광특구,2026,07,미국,10,1491.43
홍대 관광특구,관광특구,2026,07,미국,11,1932.83
홍대 관광특구,관광특구,2026,07,미국,12,2291.57
홍대 관광특구,관광특구,2026,07,미국,13,2735.15
홍대 관광특구,관광특구,2026,07,미국,14,2843.93
홍대 관광특구,관광특구,2026,07,미국,15,2893.01
홍대 관광특구,관광특구,2026,07,미국,16,3156.75
홍대 관광특구,관광특구,2026,07,미국,17,3333.79
홍대 관광특구,관광특구,2026,07,미국,18,3557.74
홍대 관광특구,관광특구,2026,07,미국,19,3637.02
홍대 관광특구,관광특구,2026,07,미국,20,3158.49
홍대 관광특구,관광특구,2026,07,미국,21,2821.23
홍대 관광특구,관광특구,2026,07,미국,22,2352.29
홍대 관광특구,관광특구,2026,07,미국,23,1376.11
홍대 관광특구,관광특구,2026,07,인도,01,171.26
홍대 관광특구,관광특구,2026,07,인도,02,109.49
홍대 관광특구,관광특구,2026,07,인도,03,105.59
홍대 관광특구,관광특구,2026,07,인도,04,85.21
홍대 관광특구,관광특구,2026,07,인도,05,63.53
홍대 관광특구,관광특구,2026,07,인도,06,63.56
홍대 관광특구,관광특구,2026,07,인도,07,57.93
홍대 관광특구,관광특구,2026,07,인도,08,103.42
홍대 관광특구,관광특구,2026,07,인도,09,81.42
홍대 관광특구,관광특구,2026,07,인도,10,236.48
홍대 관광특구,관광특구,2026,07,인도,11,316.5
홍대 관광특구,관광특구,2026,07,인도,12,201.04
홍대 관광특구,관광특구,2026,07,인도,13,413.45
홍대 관광특구,관광특구,2026,07,인도,14,372.53
홍대 관광특구,관광특구,2026,07,인도,15,397.57
홍대 관광특구,관광특구,2026,07,인도,16,401.43
홍대 관광특구,관광특구,2026,07,인도,17,450.43
홍대 관광특구,관광특구,2026,07,인도,18,660.84
홍대 관광특구,관광특구,2026,07,인도,19,801.76
홍대 관광특구,관광특구,2026,07,인도,20,735.12
홍대 관광특구,관광특구,2026,07,인도,21,665.43
홍대 관광특구,관광특구,2026,07,인도,22,472.3
홍대 관광특구,관광특구,2026,07,인도,23,283.53
홍대 관광특구,관광특구,2026,07,일본,01,572.78
홍대 관광특구,관광특구,2026,07,일본,02,430.49
홍대 관광특구,관광특구,2026,07,일본,03,433.87
홍대 관광특구,관광특구,2026,07,일본,04,303.23
홍대 관광특구,관광특구,2026,07,일본,05,237.69
홍대 관광특구,관광특구,2026,07,일본,06,364.2
홍대 관광특구,관광특구,2026,07,일본,07,469.52
홍대 관광특구,관광특구,2026,07,일본,08,1038.93
홍대 관광특구,관광특구,2026,07,일본,09,2530.39
홍대 관광특구,관광특구,2026,07,일본,10,2386.49
홍대 관광특구,관광특구,2026,07,일본,11,2996.54
홍대 관광특구,관광특구,2026,07,일본,12,3231.68
홍대 관광특구,관광특구,2026,07,일본,13,3832.1
홍대 관광특구,관광특구,2026,07,일본,14,3650.02
홍대 관광특구,관광특구,2026,07,일본,15,3917.58
홍대 관광특구,관광특구,2026,07,일본,16,4142.18
홍대 관광특구,관광특구,2026,07,일본,17,4374.76
홍대 관광특구,관광특구,2026,07,일본,18,4361.6
홍대 관광특구,관광특구,2026,07,일본,19,4245.0
홍대 관광특구,관광특구,2026,07,일본,20,3724.43
홍대 관광특구,관광특구,2026,07,일본,21,2756.66
홍대 관광특구,관광특구,2026,07,일본,22,2140.2
홍대 관광특구,관광특구,2026,07,일본,23,1135.47
홍대 관광특구,관광특구,2026,07,중국,01,1453.84
홍대 관광특구,관광특구,2026,07,중국,02,1394.16
홍대 관광특구,관광특구,2026,07,중국,03,1054.64
홍대 관광특구,관광특구,2026,07,중국,04,829.79
홍대 관광특구,관광특구,2026,07,중국,05,951.69
홍대 관광특구,관광특구,2026,07,중국,06,1262.08
홍대 관광특구,관광특구,2026,07,중국,07,1574.83
홍대 관광특구,관광특구,2026,07,중국,08,3945.75
홍대 관광특구,관광특구,2026,07,중국,09,7399.63
홍대 관광특구,관광특구,2026,07,중국,10,7706.14
홍대 관광특구,관광특구,2026,07,중국,11,9191.28
홍대 관광특구,관광특구,2026,07,중국,12,11065.81
홍대 관광특구,관광특구,2026,07,중국,13,12605.71
홍대 관광특구,관광특구,2026,07,중국,14,13258.28
홍대 관광특구,관광특구,2026,07,중국,15,13371.64
홍대 관광특구,관광특구,2026,07,중국,16,14040.96
홍대 관광특구,관광특구,2026,07,중국,17,15261.27
홍대 관광특구,관광특구,2026,07,중국,18,16664.42
홍대 관광특구,관광특구,2026,07,중국,19,16686.17
홍대 관광특구,관광특구,2026,07,중국,20,15890.21
홍대 관광특구,관광특구,2026,07,중국,21,13556.33
홍대 관광특구,관광특구,2026,07,중국,22,9468.52
홍대 관광특구,관광특구,2026,07,중국,23,4289.9
홍대 관광특구,관광특구,2026,07,태국,01,1227.37
홍대 관광특구,관광특구,2026,07,태국,02,1128.22
홍대 관광특구,관광특구,2026,07,태국,03,718.53
홍대 관광특구,관광특구,2026,07,태국,04,861.62
홍대 관광특구,관광특구,2026,07,태국,05,719.09
홍대 관광특구,관광특구,2026,07,태국,06,504.45
홍대 관광특구,관광특구,2026,07,태국,07,1006.53
홍대 관광특구,관광특구,2026,07,태국,08,1729.87
홍대 관광특구,관광특구,2026,07,태국,09,4117.76
홍대 관광특구,관광특구,2026,07,태국,10,5806.42
홍대 관광특구,관광특구,2026,07,태국,11,8738.86
홍대 관광특구,관광특구,2026,07,태국,12,9770.66
홍대 관광특구,관광특구,2026,07,태국,13,10043.12
홍대 관광특구,관광특구,2026,07,태국,14,9218.59
홍대 관광특구,관광특구,2026,07,태국,15,8647.55
홍대 관광특구,관광특구,2026,07,태국,16,8335.98
홍대 관광특구,관광특구,2026,07,태국,17,10491.86
홍대 관광특구,관광특구,2026,07,태국,18,10913.09
홍대 관광특구,관광특구,2026,07,태국,19,12872.46
홍대 관광특구,관광특구,2026,07,태국,20,13490.6
홍대 관광특구,관광특구,2026,07,태국,21,12899.78
홍대 관광특구,관광특구,2026,07,태국,22,9188.02
홍대 관광특구,관광특구,2026,07,태국,23,4596.81
홍대 관광특구,관광특구,2026,07,러시아,01,262.86
홍대 관광특구,관광특구,2026,07,러시아,02,264.16
홍대 관광특구,관광특구,2026,07,러시아,03,196.84
홍대 관광특구,관광특구,2026,07,러시아,04,183.67
홍대 관광특구,관광특구,2026,07,러시아,05,147.12
홍대 관광특구,관광특구,2026,07,러시아,06,123.37
홍대 관광특구,관광특구,2026,07,러시아,07,119.33
홍대 관광특구,관광특구,2026,07,러시아,08,191.44
홍대 관광특구,관광특구,2026,07,러시아,09,320.99
홍대 관광특구,관광특구,2026,07,러시아,10,277.0
홍대 관광특구,관광특구,2026,07,러시아,11,284.52
홍대 관광특구,관광특구,2026,07,러시아,12,394.51
홍대 관광특구,관광특구,2026,07,러시아,13,580.76
홍대 관광특구,관광특구,2026,07,러시아,14,545.69
홍대 관광특구,관광특구,2026,07,러시아,15,540.59
홍대 관광특구,관광특구,2026,07,러시아,16,672.7
홍대 관광특구,관광특구,2026,07,러시아,17,755.72
홍대 관광특구,관광특구,2026,07,러시아,18,804.82
홍대 관광특구,관광특구,2026,07,러시아,19,975.02
홍대 관광특구,관광특구,2026,07,러시아,20,864.97
홍대 관광특구,관광특구,2026,07,러시아,21,651.22
홍대 관광특구,관광특구,2026,07,러시아,22,619.45
홍대 관광특구,관광특구,2026,07,러시아,23,311.29
홍대 관광특구,관광특구,2026,07,미얀마,01,211.07
홍대 관광특구,관광특구,2026,07,미얀마,02,128.29
홍대 관광특구,관광특구,2026,07,미얀마,03,117.85
홍대 관광특구,관광특구,2026,07,미얀마,04,85.19
홍대 관광특구,관광특구,2026,07,미얀마,05,74.8
홍대 관광특구,관광특구,2026,07,미얀마,06,66.87
홍대 관광특구,관광특구,2026,07,미얀마,07,52.87
홍대 관광특구,관광특구,2026,07,미얀마,08,158.86
홍대 관광특구,관광특구,2026,07,미얀마,09,132.75
홍대 관광특구,관광특구,2026,07,미얀마,10,209.93
홍대 관광특구,관광특구,2026,07,미얀마,11,163.96
홍대 관광특구,관광특구,2026,07,미얀마,12,189.98
홍대 관광특구,관광특구,2026,07,미얀마,13,319.14
홍대 관광특구,관광특구,2026,07,미얀마,14,363.8
홍대 관광특구,관광특구,2026,07,미얀마,15,374.07
홍대 관광특구,관광특구,2026,07,미얀마,16,420.16
홍대 관광특구,관광특구,2026,07,미얀마,17,448.84
홍대 관광특구,관광특구,2026,07,미얀마,18,473.14
홍대 관광특구,관광특구,2026,07,미얀마,19,451.74
홍대 관광특구,관광특구,2026,07,미얀마,20,319.29
홍대 관광특구,관광특구,2026,07,미얀마,21,344.84
홍대 관광특구,관광특구,2026,07,미얀마,22,320.78
홍대 관광특구,관광특구,2026,07,미얀마,23,250.47
홍대 관광특구,관광특구,2026,07,베트남,01,583.49
홍대 관광특구,관광특구,2026,07,베트남,02,395.81
홍대 관광특구,관광특구,2026,07,베트남,03,300.63
홍대 관광특구,관광특구,2026,07,베트남,04,253.13
홍대 관광특구,관광특구,2026,07,베트남,05,191.65
홍대 관광특구,관광특구,2026,07,베트남,06,278.99
홍대 관광특구,관광특구,2026,07,베트남,07,241.79
홍대 관광특구,관광특구,2026,07,베트남,08,740.27
홍대 관광특구,관광특구,2026,07,베트남,09,1307.52
홍대 관광특구,관광특구,2026,07,베트남,10,1831.67
홍대 관광특구,관광특구,2026,07,베트남,11,1826.64
홍대 관광특구,관광특구,2026,07,베트남,12,1696.23
홍대 관광특구,관광특구,2026,07,베트남,13,1985.74
홍대 관광특구,관광특구,2026,07,베트남,14,2238.76
홍대 관광특구,관광특구,2026,07,베트남,15,2688.34
홍대 관광특구,관광특구,2026,07,베트남,16,3332.43
홍대 관광특구,관광특구,2026,07,베트남,17,3777.52
홍대 관광특구,관광특구,2026,07,베트남,18,3675.87
홍대 관광특구,관광특구,2026,07,베트남,19,3269.56
홍대 관광특구,관광특구,2026,07,베트남,20,3212.08
홍대 관광특구,관광특구,2026,07,베트남,21,2610.69
홍대 관광특구,관광특구,2026,07,베트남,22,2142.79
홍대 관광특구,관광특구,2026,07,베트남,23,1233.64
홍대 관광특구,관광특구,2026,07,캐나다,01,125.53
홍대 관광특구,관광특구,2026,07,캐나다,02,138.43
홍대 관광특구,관광특구,2026,07,캐나다,03,92.23
홍대 관광특구,관광특구,2026,07,캐나다,04,92.51
홍대 관광특구,관광특구,2026,07,캐나다,05,81.62
홍대 관광특구,관광특구,2026,07,캐나다,06,64.2
홍대 관광특구,관광특구,2026,07,캐나다,07,110.17
홍대 관광특구,관광특구,2026,07,캐나다,08,128.0
홍대 관광특구,관광특구,2026,07,캐나다,09,196.48
홍대 관광특구,관광특구,2026,07,캐나다,10,342.93
홍대 관광특구,관광특구,2026,07,캐나다,11,432.08
홍대 관광특구,관광특구,2026,07,캐나다,12,580.9
홍대 관광특구,관광특구,2026,07,캐나다,13,721.0
홍대 관광특구,관광특구,2026,07,캐나다,14,766.52
홍대 관광특구,관광특구,2026,07,캐나다,15,708.62
홍대 관광특구,관광특구,2026,07,캐나다,16,765.91
홍대 관광특구,관광특구,2026,07,캐나다,17,810.64
홍대 관광특구,관광특구,2026,07,캐나다,18,835.25
홍대 관광특구,관광특구,2026,07,캐나다,19,870.54
홍대 관광특구,관광특구,2026,07,캐나다,20,822.74
홍대 관광특구,관광특구,2026,07,캐나다,21,719.51
홍대 관광특구,관광특구,2026,07,캐나다,22,552.8
홍대 관광특구,관광특구,2026,07,캐나다,23,298.79
홍대 관광특구,관광특구,2026,07,프랑스,01,593.02
홍대 관광특구,관광특구,2026,07,프랑스,02,469.19
홍대 관광특구,관광특구,2026,07,프랑스,03,465.57
홍대 관광특구,관광특구,2026,07,프랑스,04,388.51
홍대 관광특구,관광특구,2026,07,프랑스,05,326.3
홍대 관광특구,관광특구,2026,07,프랑스,06,321.78
홍대 관광특구,관광특구,2026,07,프랑스,07,235.62
홍대 관광특구,관광특구,2026,07,프랑스,08,321.38
홍대 관광특구,관광특구,2026,07,프랑스,09,505.38
홍대 관광특구,관광특구,2026,07,프랑스,10,498.16
홍대 관광특구,관광특구,2026,07,프랑스,11,671.03
홍대 관광특구,관광특구,2026,07,프랑스,12,1047.9
홍대 관광특구,관광특구,2026,07,프랑스,13,1265.24
홍대 관광특구,관광특구,2026,07,프랑스,14,1196.21
홍대 관광특구,관광특구,2026,07,프랑스,15,1431.45
홍대 관광특구,관광특구,2026,07,프랑스,16,1573.2
홍대 관광특구,관광특구,2026,07,프랑스,17,1698.81
홍대 관광특구,관광특구,2026,07,프랑스,18,2116.65
홍대 관광특구,관광특구,2026,07,프랑스,19,2522.79
홍대 관광특구,관광특구,2026,07,프랑스,20,2447.01
홍대 관광특구,관광특구,2026,07,프랑스,21,2263.71
홍대 관광특구,관광특구,2026,07,프랑스,22,1782.24
홍대 관광특구,관광특구,2026,07,프랑스,23,1208.54
홍대 관광특구,관광특구,2026,07,필리핀,01,72.12
홍대 관광특구,관광특구,2026,07,필리핀,02,75.04
홍대 관광특구,관광특구,2026,07,필리핀,03,47.27
홍대 관광특구,관광특구,2026,07,필리핀,04,44.16
홍대 관광특구,관광특구,2026,07,필리핀,05,75.96
홍대 관광특구,관광특구,2026,07,필리핀,06,42.76
홍대 관광특구,관광특구,2026,07,필리핀,07,72.79
홍대 관광특구,관광특구,2026,07,필리핀,08,52.04
홍대 관광특구,관광특구,2026,07,필리핀,09,174.3
홍대 관광특구,관광특구,2026,07,필리핀,10,171.92
홍대 관광특구,관광특구,2026,07,필리핀,11,176.61
홍대 관광특구,관광특구,2026,07,필리핀,12,276.39
홍대 관광특구,관광특구,2026,07,필리핀,13,334.89
홍대 관광특구,관광특구,2026,07,필리핀,14,390.77
홍대 관광특구,관광특구,2026,07,필리핀,15,368.1
홍대 관광특구,관광특구,2026,07,필리핀,16,449.85
홍대 관광특구,관광특구,2026,07,필리핀,17,452.75
홍대 관광특구,관광특구,2026,07,필리핀,18,504.55
홍대 관광특구,관광특구,2026,07,필리핀,19,509.21
홍대 관광특구,관광특구,2026,07,필리핀,20,533.28
홍대 관광특구,관광특구,2026,07,필리핀,21,405.71
홍대 관광특구,관광특구,2026,07,필리핀,22,344.91
홍대 관광특구,관광특구,2026,07,필리핀,23,112.09
홍대 관광특구,관광특구,2026,07,스리랑카,01,8.9
홍대 관광특구,관광특구,2026,07,스리랑카,02,13.99
홍대 관광특구,관광특구,2026,07,스리랑카,03,8.19
홍대 관광특구,관광특구,2026,07,스리랑카,04,5.57
홍대 관광특구,관광특구,2026,07,스리랑카,05,5.57
홍대 관광특구,관광특구,2026,07,스리랑카,06,6.13
홍대 관광특구,관광특구,2026,07,스리랑카,07,2.77
홍대 관광특구,관광특구,2026,07,스리랑카,08,2.77
홍대 관광특구,관광특구,2026,07,스리랑카,09,0.63
홍대 관광특구,관광특구,2026,07,스리랑카,10,5.74
홍대 관광특구,관광특구,2026,07,스리랑카,11,17.36
홍대 관광특구,관광특구,2026,07,스리랑카,12,9.68
홍대 관광특구,관광특구,2026,07,스리랑카,13,8.11
홍대 관광특구,관광특구,2026,07,스리랑카,14,20.15
홍대 관광특구,관광특구,2026,07,스리랑카,15,34.33
홍대 관광특구,관광특구,2026,07,스리랑카,16,17.45
홍대 관광특구,관광특구,2026,07,스리랑카,17,25.01
홍대 관광특구,관광특구,2026,07,스리랑카,18,46.35
홍대 관광특구,관광특구,2026,07,스리랑카,19,23.08
홍대 관광특구,관광특구,2026,07,스리랑카,20,17.56
홍대 관광특구,관광특구,2026,07,스리랑카,21,46.65
홍대 관광특구,관광특구,2026,07,스리랑카,22,28.26
홍대 관광특구,관광특구,2026,07,스리랑카,23,13.63
홍대 관광특구,관광특구,2026,07,캄보디아,01,13.21
홍대 관광특구,관광특구,2026,07,캄보디아,02,6.4
홍대 관광특구,관광특구,2026,07,캄보디아,03,4.66
홍대 관광특구,관광특구,2026,07,캄보디아,04,1.78
홍대 관광특구,관광특구,2026,07,캄보디아,05,5.77
홍대 관광특구,관광특구,2026,07,캄보디아,06,9.3
홍대 관광특구,관광특구,2026,07,캄보디아,07,59.35
홍대 관광특구,관광특구,2026,07,캄보디아,08,19.07
홍대 관광특구,관광특구,2026,07,캄보디아,09,46.09
홍대 관광특구,관광특구,2026,07,캄보디아,10,27.91
홍대 관광특구,관광특구,2026,07,캄보디아,11,35.55
홍대 관광특구,관광특구,2026,07,캄보디아,12,42.99
홍대 관광특구,관광특구,2026,07,캄보디아,13,70.31
홍대 관광특구,관광특구,2026,07,캄보디아,14,41.31
홍대 관광특구,관광특구,2026,07,캄보디아,15,60.57
홍대 관광특구,관광특구,2026,07,캄보디아,16,56.51
홍대 관광특구,관광특구,2026,07,캄보디아,17,79.97
홍대 관광특구,관광특구,2026,07,캄보디아,18,90.88
홍대 관광특구,관광특구,2026,07,캄보디아,19,118.38
홍대 관광특구,관광특구,2026,07,캄보디아,20,72.52
홍대 관광특구,관광특구,2026,07,캄보디아,21,81.49
홍대 관광특구,관광특구,2026,07,캄보디아,22,37.89
홍대 관광특구,관광특구,2026,07,캄보디아,23,17.62
홍대 관광특구,관광특구,2026,07,파키스탄,01,111.75
홍대 관광특구,관광특구,2026,07,파키스탄,02,82.66
홍대 관광특구,관광특구,2026,07,파키스탄,03,107.92
홍대 관광특구,관광특구,2026,07,파키스탄,04,57.24
홍대 관광특구,관광특구,2026,07,파키스탄,05,20.01
홍대 관광특구,관광특구,2026,07,파키스탄,06,11.09
홍대 관광특구,관광특구,2026,07,파키스탄,07,17.12
홍대 관광특구,관광특구,2026,07,파키스탄,08,11.43
홍대 관광특구,관광특구,2026,07,파키스탄,09,92.95
홍대 관광특구,관광특구,2026,07,파키스탄,10,28.67
홍대 관광특구,관광특구,2026,07,파키스탄,11,46.5
홍대 관광특구,관광특구,2026,07,파키스탄,12,63.81
홍대 관광특구,관광특구,2026,07,파키스탄,13,50.27
홍대 관광특구,관광특구,2026,07,파키스탄,14,53.41
홍대 관광특구,관광특구,2026,07,파키스탄,15,102.13
홍대 관광특구,관광특구,2026,07,파키스탄,16,120.65
홍대 관광특구,관광특구,2026,07,파키스탄,17,97.54
홍대 관광특구,관광특구,2026,07,파키스탄,18,161.21
홍대 관광특구,관광특구,2026,07,파키스탄,19,120.11
홍대 관광특구,관광특구,2026,07,파키스탄,20,166.8
홍대 관광특구,관광특구,2026,07,파키스탄,21,127.43
홍대 관광특구,관광특구,2026,07,파키스탄,22,144.17
홍대 관광특구,관광특구,2026,07,파키스탄,23,132.9
홍대 관광특구,관광특구,2026,07,방글라데시,01,33.06
홍대 관광특구,관광특구,2026,07,방글라데시,02,63.0
홍대 관광특구,관광특구,2026,07,방글라데시,03,39.45
홍대 관광특구,관광특구,2026,07,방글라데시,04,28.66
홍대 관광특구,관광특구,2026,07,방글라데시,05,19.74
홍대 관광특구,관광특구,2026,07,방글라데시,06,7.83
홍대 관광특구,관광특구,2026,07,방글라데시,07,1.53
홍대 관광특구,관광특구,2026,07,방글라데시,08,11.06
홍대 관광특구,관광특구,2026,07,방글라데시,09,42.54
홍대 관광특구,관광특구,2026,07,방글라데시,10,104.95
홍대 관광특구,관광특구,2026,07,방글라데시,11,83.8
홍대 관광특구,관광특구,2026,07,방글라데시,12,91.78
홍대 관광특구,관광특구,2026,07,방글라데시,13,52.71
홍대 관광특구,관광특구,2026,07,방글라데시,14,66.16
홍대 관광특구,관광특구,2026,07,방글라데시,15,76.66
홍대 관광특구,관광특구,2026,07,방글라데시,16,127.8
홍대 관광특구,관광특구,2026,07,방글라데시,17,105.28
홍대 관광특구,관광특구,2026,07,방글라데시,18,117.02
홍대 관광특구,관광특구,2026,07,방글라데시,19,110.71
홍대 관광특구,관광특구,2026,07,방글라데시,20,98.77
홍대 관광특구,관광특구,2026,07,방글라데시,21,77.59
홍대 관광특구,관광특구,2026,07,방글라데시,22,72.52
홍대 관광특구,관광특구,2026,07,방글라데시,23,68.7
홍대 관광특구,관광특구,2026,07,인도네시아,01,72.09
홍대 관광특구,관광특구,2026,07,인도네시아,02,83.31
홍대 관광특구,관광특구,2026,07,인도네시아,03,70.29
홍대 관광특구,관광특구,2026,07,인도네시아,04,47.71
홍대 관광특구,관광특구,2026,07,인도네시아,05,58.19
홍대 관광특구,관광특구,2026,07,인도네시아,06,50.55
홍대 관광특구,관광특구,2026,07,인도네시아,07,74.83
홍대 관광특구,관광특구,2026,07,인도네시아,08,94.91
홍대 관광특구,관광특구,2026,07,인도네시아,09,202.48
홍대 관광특구,관광특구,2026,07,인도네시아,10,350.72
홍대 관광특구,관광특구,2026,07,인도네시아,11,522.98
홍대 관광특구,관광특구,2026,07,인도네시아,12,562.42
홍대 관광특구,관광특구,2026,07,인도네시아,13,740.3
홍대 관광특구,관광특구,2026,07,인도네시아,14,709.44
홍대 관광특구,관광특구,2026,07,인도네시아,15,657.83
홍대 관광특구,관광특구,2026,07,인도네시아,16,660.84
홍대 관광특구,관광특구,2026,07,인도네시아,17,781.05
홍대 관광특구,관광특구,2026,07,인도네시아,18,981.05
홍대 관광특구,관광특구,2026,07,인도네시아,19,919.83
홍대 관광특구,관광특구,2026,07,인도네시아,20,917.28
홍대 관광특구,관광특구,2026,07,인도네시아,21,684.91
홍대 관광특구,관광특구,2026,07,인도네시아,22,406.93
홍대 관광특구,관광특구,2026,07,인도네시아,23,211.45
홍대 관광특구,관광특구,2026,07,카자흐스탄,01,135.42
홍대 관광특구,관광특구,2026,07,카자흐스탄,02,141.19
홍대 관광특구,관광특구,2026,07,카자흐스탄,03,135.59
홍대 관광특구,관광특구,2026,07,카자흐스탄,04,114.93
홍대 관광특구,관광특구,2026,07,카자흐스탄,05,61.22
홍대 관광특구,관광특구,2026,07,카자흐스탄,06,49.88
홍대 관광특구,관광특구,2026,07,카자흐스탄,07,38.7
홍대 관광특구,관광특구,2026,07,카자흐스탄,08,97.8
홍대 관광특구,관광특구,2026,07,카자흐스탄,09,168.15
홍대 관광특구,관광특구,2026,07,카자흐스탄,10,87.35
홍대 관광특구,관광특구,2026,07,카자흐스탄,11,141.29
홍대 관광특구,관광특구,2026,07,카자흐스탄,12,242.54
홍대 관광특구,관광특구,2026,07,카자흐스탄,13,202.48
홍대 관광특구,관광특구,2026,07,카자흐스탄,14,236.89
홍대 관광특구,관광특구,2026,07,카자흐스탄,15,224.87
홍대 관광특구,관광특구,2026,07,카자흐스탄,16,230.19
홍대 관광특구,관광특구,2026,07,카자흐스탄,17,266.87
홍대 관광특구,관광특구,2026,07,카자흐스탄,18,312.55
홍대 관광특구,관광특구,2026,07,카자흐스탄,19,291.93
홍대 관광특구,관광특구,2026,07,카자흐스탄,20,234.55
홍대 관광특구,관광특구,2026,07,카자흐스탄,21,259.1
홍대 관광특구,관광특구,2026,07,카자흐스탄,22,231.25
홍대 관광특구,관광특구,2026,07,카자흐스탄,23,168.45
홍대 관광특구,관광특구,2026,07,우즈베키스탄,01,257.43
홍대 관광특구,관광특구,2026,07,우즈베키스탄,02,272.38
홍대 관광특구,관광특구,2026,07,우즈베키스탄,03,243.8
홍대 관광특구,관광특구,2026,07,우즈베키스탄,04,245.7
홍대 관광특구,관광특구,2026,07,우즈베키스탄,05,195.61
홍대 관광특구,관광특구,2026,07,우즈베키스탄,06,246.91
홍대 관광특구,관광특구,2026,07,우즈베키스탄,07,170.15
홍대 관광특구,관광특구,2026,07,우즈베키스탄,08,149.43
홍대 관광특구,관광특구,2026,07,우즈베키스탄,09,223.17
홍대 관광특구,관광특구,2026,07,우즈베키스탄,10,107.54
홍대 관광특구,관광특구,2026,07,우즈베키스탄,11,177.22
홍대 관광특구,관광특구,2026,07,우즈베키스탄,12,228.52
홍대 관광특구,관광특구,2026,07,우즈베키스탄,13,194.54
홍대 관광특구,관광특구,2026,07,우즈베키스탄,14,193.39
홍대 관광특구,관광특구,2026,07,우즈베키스탄,15,398.19
홍대 관광특구,관광특구,2026,07,우즈베키스탄,16,249.4
홍대 관광특구,관광특구,2026,07,우즈베키스탄,17,327.17
홍대 관광특구,관광특구,2026,07,우즈베키스탄,18,314.04
홍대 관광특구,관광특구,2026,07,우즈베키스탄,19,310.21
홍대 관광특구,관광특구,2026,07,우즈베키스탄,20,336.61
홍대 관광특구,관광특구,2026,07,우즈베키스탄,21,401.68
홍대 관광특구,관광특구,2026,07,우즈베키스탄,22,500.28
홍대 관광특구,관광특구,2026,07,우즈베키스탄,23,422.04
명동 관광특구,관광특구,2026,07,기타,01,562.61
명동 관광특구,관광특구,2026,07,기타,02,586.71
명동 관광특구,관광특구,2026,07,기타,03,520.15
명동 관광특구,관광특구,2026,07,기타,04,395.25
명동 관광특구,관광특구,2026,07,기타,05,814.0
명동 관광특구,관광특구,2026,07,기타,06,1225.52
명동 관광특구,관광특구,2026,07,기타,07,3614.58
명동 관광특구,관광특구,2026,07,기타,08,6934.15
명동 관광특구,관광특구,2026,07,기타,09,13484.57
명동 관광특구,관광특구,2026,07,기타,10,10614.75
명동 관광특구,관광특구,2026,07,기타,11,12359.21
명동 관광특구,관광특구,2026,07,기타,12,14839.26
명동 관광특구,관광특구,2026,07,기타,13,15922.14
명동 관광특구,관광특구,2026,07,기타,14,15267.22
명동 관광특구,관광특구,2026,07,기타,15,15354.07
명동 관광특구,관광특구,2026,07,기타,16,15444.52
명동 관광특구,관광특구,2026,07,기타,17,16070.57
명동 관광특구,관광특구,2026,07,기타,18,17147.05
명동 관광특구,관광특구,2026,07,기타,19,14190.81
명동 관광특구,관광특구,2026,07,기타,20,11553.41
명동 관광특구,관광특구,2026,07,기타,21,8944.34
명동 관광특구,관광특구,2026,07,기타,22,5716.11
명동 관광특구,관광특구,2026,07,기타,23,2200.87
명동 관광특구,관광특구,2026,07,네팔,01,28.87
명동 관광특구,관광특구,2026,07,네팔,02,9.0
명동 관광특구,관광특구,2026,07,네팔,03,14.51
명동 관광특구,관광특구,2026,07,네팔,04,7.22
명동 관광특구,관광특구,2026,07,네팔,05,30.81
명동 관광특구,관광특구,2026,07,네팔,06,18.68
명동 관광특구,관광특구,2026,07,네팔,07,23.53
명동 관광특구,관광특구,2026,07,네팔,08,313.07
명동 관광특구,관광특구,2026,07,네팔,09,829.62
명동 관광특구,관광특구,2026,07,네팔,10,811.86
명동 관광특구,관광특구,2026,07,네팔,11,394.93
명동 관광특구,관광특구,2026,07,네팔,12,205.34
명동 관광특구,관광특구,2026,07,네팔,13,218.57
명동 관광특구,관광특구,2026,07,네팔,14,324.69
명동 관광특구,관광특구,2026,07,네팔,15,320.11
명동 관광특구,관광특구,2026,07,네팔,16,404.51
명동 관광특구,관광특구,2026,07,네팔,17,425.63
명동 관광특구,관광특구,2026,07,네팔,18,387.28
명동 관광특구,관광특구,2026,07,네팔,19,315.85
명동 관광특구,관광특구,2026,07,네팔,20,254.97
명동 관광특구,관광특구,2026,07,네팔,21,225.03
명동 관광특구,관광특구,2026,07,네팔,22,167.0
명동 관광특구,관광특구,2026,07,네팔,23,40.33
명동 관광특구,관광특구,2026,07,몽골,01,19.01
명동 관광특구,관광특구,2026,07,몽골,02,21.59
명동 관광특구,관광특구,2026,07,몽골,03,7.49
명동 관광특구,관광특구,2026,07,몽골,04,11.31
명동 관광특구,관광특구,2026,07,몽골,05,14.7
명동 관광특구,관광특구,2026,07,몽골,06,209.34
명동 관광특구,관광특구,2026,07,몽골,07,411.68
명동 관광특구,관광특구,2026,07,몽골,08,2262.38
명동 관광특구,관광특구,2026,07,몽골,09,1089.09
명동 관광특구,관광특구,2026,07,몽골,10,662.38
명동 관광특구,관광특구,2026,07,몽골,11,719.35
명동 관광특구,관광특구,2026,07,몽골,12,974.65
명동 관광특구,관광특구,2026,07,몽골,13,929.07
명동 관광특구,관광특구,2026,07,몽골,14,993.61
명동 관광특구,관광특구,2026,07,몽골,15,1223.32
명동 관광특구,관광특구,2026,07,몽골,16,1686.78
명동 관광특구,관광특구,2026,07,몽골,17,1910.59
명동 관광특구,관광특구,2026,07,몽골,18,1601.83
명동 관광특구,관광특구,2026,07,몽골,19,1241.35
명동 관광특구,관광특구,2026,07,몽골,20,1093.67
명동 관광특구,관광특구,2026,07,몽골,21,751.43
명동 관광특구,관광특구,2026,07,몽골,22,299.12
명동 관광특구,관광특구,2026,07,몽골,23,153.2
명동 관광특구,관광특구,2026,07,미국,01,222.7
명동 관광특구,관광특구,2026,07,미국,02,214.66
명동 관광특구,관광특구,2026,07,미국,03,166.03
명동 관광특구,관광특구,2026,07,미국,04,186.59
명동 관광특구,관광특구,2026,07,미국,05,328.5
명동 관광특구,관광특구,2026,07,미국,06,556.76
명동 관광특구,관광특구,2026,07,미국,07,997.77
명동 관광특구,관광특구,2026,07,미국,08,1294.35
명동 관광특구,관광특구,2026,07,미국,09,1823.91
명동 관광특구,관광특구,2026,07,미국,10,2594.58
명동 관광특구,관광특구,2026,07,미국,11,3361.06
명동 관광특구,관광특구,2026,07,미국,12,4040.98
명동 관광특구,관광특구,2026,07,미국,13,4059.11
명동 관광특구,관광특구,2026,07,미국,14,3801.81
명동 관광특구,관광특구,2026,07,미국,15,3856.33
명동 관광특구,관광특구,2026,07,미국,16,3917.46
명동 관광특구,관광특구,2026,07,미국,17,3916.11
명동 관광특구,관광특구,2026,07,미국,18,4088.69
명동 관광특구,관광특구,2026,07,미국,19,3588.36
명동 관광특구,관광특구,2026,07,미국,20,2993.38
명동 관광특구,관광특구,2026,07,미국,21,2299.87
명동 관광특구,관광특구,2026,07,미국,22,1440.78
명동 관광특구,관광특구,2026,07,미국,23,578.49
명동 관광특구,관광특구,2026,07,인도,01,50.17
명동 관광특구,관광특구,2026,07,인도,02,53.06
명동 관광특구,관광특구,2026,07,인도,03,54.82
명동 관광특구,관광특구,2026,07,인도,04,26.86
명동 관광특구,관광특구,2026,07,인도,05,29.64
명동 관광특구,관광특구,2026,07,인도,06,37.56
명동 관광특구,관광특구,2026,07,인도,07,68.27
명동 관광특구,관광특구,2026,07,인도,08,319.54
명동 관광특구,관광특구,2026,07,인도,09,151.14
명동 관광특구,관광특구,2026,07,인도,10,223.84
명동 관광특구,관광특구,2026,07,인도,11,339.31
명동 관광특구,관광특구,2026,07,인도,12,381.04
명동 관광특구,관광특구,2026,07,인도,13,385.59
명동 관광특구,관광특구,2026,07,인도,14,487.7
명동 관광특구,관광특구,2026,07,인도,15,601.62
명동 관광특구,관광특구,2026,07,인도,16,693.86
명동 관광특구,관광특구,2026,07,인도,17,840.8
명동 관광특구,관광특구,2026,07,인도,18,833.04
명동 관광특구,관광특구,2026,07,인도,19,864.98
명동 관광특구,관광특구,2026,07,인도,20,695.87
명동 관광특구,관광특구,2026,07,인도,21,498.47
명동 관광특구,관광특구,2026,07,인도,22,378.62
명동 관광특구,관광특구,2026,07,인도,23,167.52
명동 관광특구,관광특구,2026,07,일본,01,940.23
명동 관광특구,관광특구,2026,07,일본,02,762.93
명동 관광특구,관광특구,2026,07,일본,03,596.95
명동 관광특구,관광특구,2026,07,일본,04,494.19
명동 관광특구,관광특구,2026,07,일본,05,662.34
명동 관광특구,관광특구,2026,07,일본,06,1020.04
명동 관광특구,관광특구,2026,07,일본,07,2540.74
명동 관광특구,관광특구,2026,07,일본,08,5337.49
명동 관광특구,관광특구,2026,07,일본,09,6324.9
명동 관광특구,관광특구,2026,07,일본,10,7184.33
명동 관광특구,관광특구,2026,07,일본,11,7615.02
명동 관광특구,관광특구,2026,07,일본,12,8474.23
명동 관광특구,관광특구,2026,07,일본,13,8810.49
명동 관광특구,관광특구,2026,07,일본,14,8935.12
명동 관광특구,관광특구,2026,07,일본,15,9335.1
명동 관광특구,관광특구,2026,07,일본,16,9990.52
명동 관광특구,관광특구,2026,07,일본,17,10337.18
명동 관광특구,관광특구,2026,07,일본,18,10985.38
명동 관광특구,관광특구,2026,07,일본,19,9969.26
명동 관광특구,관광특구,2026,07,일본,20,9365.65
명동 관광특구,관광특구,2026,07,일본,21,8232.59
명동 관광특구,관광특구,2026,07,일본,22,6068.7
명동 관광특구,관광특구,2026,07,일본,23,2949.7
명동 관광특구,관광특구,2026,07,중국,01,1196.93
명동 관광특구,관광특구,2026,07,중국,02,1076.13
명동 관광특구,관광특구,2026,07,중국,03,811.86
명동 관광특구,관광특구,2026,07,중국,04,774.15
명동 관광특구,관광특구,2026,07,중국,05,1151.36
명동 관광특구,관광특구,2026,07,중국,06,1899.76
명동 관광특구,관광특구,2026,07,중국,07,2763.58
명동 관광특구,관광특구,2026,07,중국,08,7936.62
명동 관광특구,관광특구,2026,07,중국,09,17063.62
명동 관광특구,관광특구,2026,07,중국,10,22201.88
명동 관광특구,관광특구,2026,07,중국,11,23132.14
명동 관광특구,관광특구,2026,07,중국,12,26600.42
명동 관광특구,관광특구,2026,07,중국,13,29037.05
명동 관광특구,관광특구,2026,07,중국,14,31337.23
명동 관광특구,관광특구,2026,07,중국,15,33601.22
명동 관광특구,관광특구,2026,07,중국,16,34560.84
명동 관광특구,관광특구,2026,07,중국,17,33958.49
명동 관광특구,관광특구,2026,07,중국,18,32665.28
명동 관광특구,관광특구,2026,07,중국,19,27191.35
명동 관광특구,관광특구,2026,07,중국,20,23469.95
명동 관광특구,관광특구,2026,07,중국,21,16888.13
명동 관광특구,관광특구,2026,07,중국,22,11181.34
명동 관광특구,관광특구,2026,07,중국,23,4519.23
명동 관광특구,관광특구,2026,07,태국,01,786.24
명동 관광특구,관광특구,2026,07,태국,02,952.14
명동 관광특구,관광특구,2026,07,태국,03,524.0
명동 관광특구,관광특구,2026,07,태국,04,566.05
명동 관광특구,관광특구,2026,07,태국,05,830.29
명동 관광특구,관광특구,2026,07,태국,06,853.69
명동 관광특구,관광특구,2026,07,태국,07,1222.51
명동 관광특구,관광특구,2026,07,태국,08,3065.64
명동 관광특구,관광특구,2026,07,태국,09,5351.76
명동 관광특구,관광특구,2026,07,태국,10,7566.05
명동 관광특구,관광특구,2026,07,태국,11,9946.65
명동 관광특구,관광특구,2026,07,태국,12,9836.59
명동 관광특구,관광특구,2026,07,태국,13,10168.11
명동 관광특구,관광특구,2026,07,태국,14,10506.69
명동 관광특구,관광특구,2026,07,태국,15,10862.57
명동 관광특구,관광특구,2026,07,태국,16,11694.38
명동 관광특구,관광특구,2026,07,태국,17,13317.2
명동 관광특구,관광특구,2026,07,태국,18,14579.55
명동 관광특구,관광특구,2026,07,태국,19,16244.35
명동 관광특구,관광특구,2026,07,태국,20,15043.17
명동 관광특구,관광특구,2026,07,태국,21,12280.96
명동 관광특구,관광특구,2026,07,태국,22,7285.01
명동 관광특구,관광특구,2026,07,태국,23,2950.71
명동 관광특구,관광특구,2026,07,러시아,01,54.49
명동 관광특구,관광특구,2026,07,러시아,02,71.94
명동 관광특구,관광특구,2026,07,러시아,03,41.94
명동 관광특구,관광특구,2026,07,러시아,04,50.35
명동 관광특구,관광특구,2026,07,러시아,05,69.19
명동 관광특구,관광특구,2026,07,러시아,06,85.29
명동 관광특구,관광특구,2026,07,러시아,07,130.96
명동 관광특구,관광특구,2026,07,러시아,08,288.64
명동 관광특구,관광특구,2026,07,러시아,09,245.26
명동 관광특구,관광특구,2026,07,러시아,10,307.47
명동 관광특구,관광특구,2026,07,러시아,11,503.63
명동 관광특구,관광특구,2026,07,러시아,12,539.51
명동 관광특구,관광특구,2026,07,러시아,13,772.31
명동 관광특구,관광특구,2026,07,러시아,14,1021.44
명동 관광특구,관광특구,2026,07,러시아,15,1028.89
명동 관광특구,관광특구,2026,07,러시아,16,1193.19
명동 관광특구,관광특구,2026,07,러시아,17,1185.85
명동 관광특구,관광특구,2026,07,러시아,18,1341.95
명동 관광특구,관광특구,2026,07,러시아,19,1201.97
명동 관광특구,관광특구,2026,07,러시아,20,1071.76
명동 관광특구,관광특구,2026,07,러시아,21,857.31
명동 관광특구,관광특구,2026,07,러시아,22,504.6
명동 관광특구,관광특구,2026,07,러시아,23,142.56
명동 관광특구,관광특구,2026,07,미얀마,01,6.8
명동 관광특구,관광특구,2026,07,미얀마,02,1.63
명동 관광특구,관광특구,2026,07,미얀마,03,1.44
명동 관광특구,관광특구,2026,07,미얀마,04,2.64
명동 관광특구,관광특구,2026,07,미얀마,05,1.44
명동 관광특구,관광특구,2026,07,미얀마,06,18.92
명동 관광특구,관광특구,2026,07,미얀마,07,27.57
명동 관광특구,관광특구,2026,07,미얀마,08,147.11
명동 관광특구,관광특구,2026,07,미얀마,09,334.81
명동 관광특구,관광특구,2026,07,미얀마,10,391.42
명동 관광특구,관광특구,2026,07,미얀마,11,268.79
명동 관광특구,관광특구,2026,07,미얀마,12,300.74
명동 관광특구,관광특구,2026,07,미얀마,13,468.84
명동 관광특구,관광특구,2026,07,미얀마,14,403.74
명동 관광특구,관광특구,2026,07,미얀마,15,459.78
명동 관광특구,관광특구,2026,07,미얀마,16,545.04
명동 관광특구,관광특구,2026,07,미얀마,17,703.87
명동 관광특구,관광특구,2026,07,미얀마,18,559.41
명동 관광특구,관광특구,2026,07,미얀마,19,422.82
명동 관광특구,관광특구,2026,07,미얀마,20,337.26
명동 관광특구,관광특구,2026,07,미얀마,21,249.16
명동 관광특구,관광특구,2026,07,미얀마,22,138.36
명동 관광특구,관광특구,2026,07,미얀마,23,67.99
명동 관광특구,관광특구,2026,07,베트남,01,340.05
명동 관광특구,관광특구,2026,07,베트남,02,278.05
명동 관광특구,관광특구,2026,07,베트남,03,202.69
명동 관광특구,관광특구,2026,07,베트남,04,148.13
명동 관광특구,관광특구,2026,07,베트남,05,200.19
명동 관광특구,관광특구,2026,07,베트남,06,196.3
명동 관광특구,관광특구,2026,07,베트남,07,624.56
명동 관광특구,관광특구,2026,07,베트남,08,1406.91
명동 관광특구,관광특구,2026,07,베트남,09,3023.18
명동 관광특구,관광특구,2026,07,베트남,10,2487.98
명동 관광특구,관광특구,2026,07,베트남,11,2005.95
명동 관광특구,관광특구,2026,07,베트남,12,1928.47
명동 관광특구,관광특구,2026,07,베트남,13,2205.51
명동 관광특구,관광특구,2026,07,베트남,14,2318.59
명동 관광특구,관광특구,2026,07,베트남,15,2989.93
명동 관광특구,관광특구,2026,07,베트남,16,3549.85
명동 관광특구,관광특구,2026,07,베트남,17,4403.8
명동 관광특구,관광특구,2026,07,베트남,18,3348.85
명동 관광특구,관광특구,2026,07,베트남,19,2932.72
명동 관광특구,관광특구,2026,07,베트남,20,2654.69
명동 관광특구,관광특구,2026,07,베트남,21,2181.25
명동 관광특구,관광특구,2026,07,베트남,22,1205.35
명동 관광특구,관광특구,2026,07,베트남,23,602.75
명동 관광특구,관광특구,2026,07,캐나다,01,95.0
명동 관광특구,관광특구,2026,07,캐나다,02,102.43
명동 관광특구,관광특구,2026,07,캐나다,03,87.67
명동 관광특구,관광특구,2026,07,캐나다,04,91.08
명동 관광특구,관광특구,2026,07,캐나다,05,151.73
명동 관광특구,관광특구,2026,07,캐나다,06,166.67
명동 관광특구,관광특구,2026,07,캐나다,07,364.59
명동 관광특구,관광특구,2026,07,캐나다,08,467.1
명동 관광특구,관광특구,2026,07,캐나다,09,556.54
명동 관광특구,관광특구,2026,07,캐나다,10,824.38
명동 관광특구,관광특구,2026,07,캐나다,11,1077.97
명동 관광특구,관광특구,2026,07,캐나다,12,1292.27
명동 관광특구,관광특구,2026,07,캐나다,13,1296.97
명동 관광특구,관광특구,2026,07,캐나다,14,1303.0
명동 관광특구,관광특구,2026,07,캐나다,15,1261.76
명동 관광특구,관광특구,2026,07,캐나다,16,1341.14
명동 관광특구,관광특구,2026,07,캐나다,17,1318.05
명동 관광특구,관광특구,2026,07,캐나다,18,1449.42
명동 관광특구,관광특구,2026,07,캐나다,19,1261.86
명동 관광특구,관광특구,2026,07,캐나다,20,1203.48
명동 관광특구,관광특구,2026,07,캐나다,21,1023.27
명동 관광특구,관광특구,2026,07,캐나다,22,758.08
명동 관광특구,관광특구,2026,07,캐나다,23,310.96
명동 관광특구,관광특구,2026,07,프랑스,01,55.87
명동 관광특구,관광특구,2026,07,프랑스,02,70.34
명동 관광특구,관광특구,2026,07,프랑스,03,41.3
명동 관광특구,관광특구,2026,07,프랑스,04,45.04
명동 관광특구,관광특구,2026,07,프랑스,05,52.36
명동 관광특구,관광특구,2026,07,프랑스,06,88.38
명동 관광특구,관광특구,2026,07,프랑스,07,241.56
명동 관광특구,관광특구,2026,07,프랑스,08,277.38
명동 관광특구,관광특구,2026,07,프랑스,09,425.36
명동 관광특구,관광특구,2026,07,프랑스,10,657.49
명동 관광특구,관광특구,2026,07,프랑스,11,911.3
명동 관광특구,관광특구,2026,07,프랑스,12,1314.39
명동 관광특구,관광특구,2026,07,프랑스,13,1350.75
명동 관광특구,관광특구,2026,07,프랑스,14,1315.8
명동 관광특구,관광특구,2026,07,프랑스,15,1366.28
명동 관광특구,관광특구,2026,07,프랑스,16,1449.17
명동 관광특구,관광특구,2026,07,프랑스,17,1478.28
명동 관광특구,관광특구,2026,07,프랑스,18,1617.47
명동 관광특구,관광특구,2026,07,프랑스,19,1524.94
명동 관광특구,관광특구,2026,07,프랑스,20,1441.27
명동 관광특구,관광특구,2026,07,프랑스,21,1224.88
명동 관광특구,관광특구,2026,07,프랑스,22,816.75
명동 관광특구,관광특구,2026,07,프랑스,23,312.37
명동 관광특구,관광특구,2026,07,필리핀,01,43.68
명동 관광특구,관광특구,2026,07,필리핀,02,40.45
명동 관광특구,관광특구,2026,07,필리핀,03,26.79
명동 관광특구,관광특구,2026,07,필리핀,04,31.87
명동 관광특구,관광특구,2026,07,필리핀,05,53.68
명동 관광특구,관광특구,2026,07,필리핀,06,62.97
명동 관광특구,관광특구,2026,07,필리핀,07,246.26
명동 관광특구,관광특구,2026,07,필리핀,08,735.84
명동 관광특구,관광특구,2026,07,필리핀,09,634.55
명동 관광특구,관광특구,2026,07,필리핀,10,539.02
명동 관광특구,관광특구,2026,07,필리핀,11,748.88
명동 관광특구,관광특구,2026,07,필리핀,12,802.59
명동 관광특구,관광특구,2026,07,필리핀,13,887.56
명동 관광특구,관광특구,2026,07,필리핀,14,888.4
명동 관광특구,관광특구,2026,07,필리핀,15,935.54
명동 관광특구,관광특구,2026,07,필리핀,16,1057.58
명동 관광특구,관광특구,2026,07,필리핀,17,1039.81
명동 관광특구,관광특구,2026,07,필리핀,18,952.82
명동 관광특구,관광특구,2026,07,필리핀,19,923.67
명동 관광특구,관광특구,2026,07,필리핀,20,763.72
명동 관광특구,관광특구,2026,07,필리핀,21,624.42
명동 관광특구,관광특구,2026,07,필리핀,22,442.4
명동 관광특구,관광특구,2026,07,필리핀,23,146.85
명동 관광특구,관광특구,2026,07,스리랑카,01,2.62
명동 관광특구,관광특구,2026,07,스리랑카,02,2.72
명동 관광특구,관광특구,2026,07,스리랑카,06,2.62
명동 관광특구,관광특구,2026,07,스리랑카,08,5.87
명동 관광특구,관광특구,2026,07,스리랑카,09,39.54
명동 관광특구,관광특구,2026,07,스리랑카,10,33.6
명동 관광특구,관광특구,2026,07,스리랑카,11,46.82
명동 관광특구,관광특구,2026,07,스리랑카,12,45.61
명동 관광특구,관광특구,2026,07,스리랑카,13,24.38
명동 관광특구,관광특구,2026,07,스리랑카,14,39.67
명동 관광특구,관광특구,2026,07,스리랑카,15,37.08
명동 관광특구,관광특구,2026,07,스리랑카,16,55.59
명동 관광특구,관광특구,2026,07,스리랑카,17,55.38
명동 관광특구,관광특구,2026,07,스리랑카,18,37.93
명동 관광특구,관광특구,2026,07,스리랑카,19,51.76
명동 관광특구,관광특구,2026,07,스리랑카,20,44.59
명동 관광특구,관광특구,2026,07,스리랑카,21,16.56
명동 관광특구,관광특구,2026,07,스리랑카,22,10.33
명동 관광특구,관광특구,2026,07,스리랑카,23,8.83
명동 관광특구,관광특구,2026,07,캄보디아,01,6.84
명동 관광특구,관광특구,2026,07,캄보디아,02,9.66
명동 관광특구,관광특구,2026,07,캄보디아,03,3.55
명동 관광특구,관광특구,2026,07,캄보디아,04,1.68
명동 관광특구,관광특구,2026,07,캄보디아,05,3.57
명동 관광특구,관광특구,2026,07,캄보디아,06,3.47
명동 관광특구,관광특구,2026,07,캄보디아,07,28.5
명동 관광특구,관광특구,2026,07,캄보디아,08,71.83
명동 관광특구,관광특구,2026,07,캄보디아,09,71.56
명동 관광특구,관광특구,2026,07,캄보디아,10,97.99
명동 관광특구,관광특구,2026,07,캄보디아,11,112.09
명동 관광특구,관광특구,2026,07,캄보디아,12,160.28
명동 관광특구,관광특구,2026,07,캄보디아,13,174.46
명동 관광특구,관광특구,2026,07,캄보디아,14,126.78
명동 관광특구,관광특구,2026,07,캄보디아,15,135.83
명동 관광특구,관광특구,2026,07,캄보디아,16,173.05
명동 관광특구,관광특구,2026,07,캄보디아,17,196.3
명동 관광특구,관광특구,2026,07,캄보디아,18,190.3
명동 관광특구,관광특구,2026,07,캄보디아,19,129.31
명동 관광특구,관광특구,2026,07,캄보디아,20,126.85
명동 관광특구,관광특구,2026,07,캄보디아,21,125.87
명동 관광특구,관광특구,2026,07,캄보디아,22,121.19
명동 관광특구,관광특구,2026,07,캄보디아,23,16.08
명동 관광특구,관광특구,2026,07,파키스탄,02,2.55
명동 관광특구,관광특구,2026,07,파키스탄,06,16.67
명동 관광특구,관광특구,2026,07,파키스탄,07,39.71
명동 관광특구,관광특구,2026,07,파키스탄,08,5.4
명동 관광특구,관광특구,2026,07,파키스탄,09,59.01
명동 관광특구,관광특구,2026,07,파키스탄,10,41.7
명동 관광특구,관광특구,2026,07,파키스탄,11,49.85
명동 관광특구,관광특구,2026,07,파키스탄,12,59.71
명동 관광특구,관광특구,2026,07,파키스탄,13,116.78
명동 관광특구,관광특구,2026,07,파키스탄,14,92.02
명동 관광특구,관광특구,2026,07,파키스탄,15,152.63
명동 관광특구,관광특구,2026,07,파키스탄,16,132.48
명동 관광특구,관광특구,2026,07,파키스탄,17,155.71
명동 관광특구,관광특구,2026,07,파키스탄,18,176.83
명동 관광특구,관광특구,2026,07,파키스탄,19,218.09
명동 관광특구,관광특구,2026,07,파키스탄,20,177.64
명동 관광특구,관광특구,2026,07,파키스탄,21,149.81
명동 관광특구,관광특구,2026,07,파키스탄,22,43.42
명동 관광특구,관광특구,2026,07,파키스탄,23,8.27
명동 관광특구,관광특구,2026,07,방글라데시,01,20.49
명동 관광특구,관광특구,2026,07,방글라데시,02,3.03
명동 관광특구,관광특구,2026,07,방글라데시,03,5.86
명동 관광특구,관광특구,2026,07,방글라데시,06,8.61
명동 관광특구,관광특구,2026,07,방글라데시,07,2.81
명동 관광특구,관광특구,2026,07,방글라데시,08,56.76
명동 관광특구,관광특구,2026,07,방글라데시,09,57.37
명동 관광특구,관광특구,2026,07,방글라데시,10,200.44
명동 관광특구,관광특구,2026,07,방글라데시,11,106.12
명동 관광특구,관광특구,2026,07,방글라데시,12,80.41
명동 관광특구,관광특구,2026,07,방글라데시,13,71.52
명동 관광특구,관광특구,2026,07,방글라데시,14,83.23
명동 관광특구,관광특구,2026,07,방글라데시,15,96.48
명동 관광특구,관광특구,2026,07,방글라데시,16,101.81
명동 관광특구,관광특구,2026,07,방글라데시,17,155.8
명동 관광특구,관광특구,2026,07,방글라데시,18,121.95
명동 관광특구,관광특구,2026,07,방글라데시,19,165.15
명동 관광특구,관광특구,2026,07,방글라데시,20,127.26
명동 관광특구,관광특구,2026,07,방글라데시,21,131.44
명동 관광특구,관광특구,2026,07,방글라데시,22,117.11
명동 관광특구,관광특구,2026,07,방글라데시,23,30.06
명동 관광특구,관광특구,2026,07,인도네시아,01,22.81
명동 관광특구,관광특구,2026,07,인도네시아,02,14.41
명동 관광특구,관광특구,2026,07,인도네시아,03,7.82
명동 관광특구,관광특구,2026,07,인도네시아,04,10.3
명동 관광특구,관광특구,2026,07,인도네시아,05,11.39
명동 관광특구,관광특구,2026,07,인도네시아,06,20.35
명동 관광특구,관광특구,2026,07,인도네시아,07,38.32
명동 관광특구,관광특구,2026,07,인도네시아,08,200.02
명동 관광특구,관광특구,2026,07,인도네시아,09,296.94
명동 관광특구,관광특구,2026,07,인도네시아,10,283.27
명동 관광특구,관광특구,2026,07,인도네시아,11,315.15
명동 관광특구,관광특구,2026,07,인도네시아,12,540.32
명동 관광특구,관광특구,2026,07,인도네시아,13,625.8
명동 관광특구,관광특구,2026,07,인도네시아,14,781.72
명동 관광특구,관광특구,2026,07,인도네시아,15,810.67
명동 관광특구,관광특구,2026,07,인도네시아,16,852.37
명동 관광특구,관광특구,2026,07,인도네시아,17,810.8
명동 관광특구,관광특구,2026,07,인도네시아,18,953.87
명동 관광특구,관광특구,2026,07,인도네시아,19,785.63
명동 관광특구,관광특구,2026,07,인도네시아,20,634.07
명동 관광특구,관광특구,2026,07,인도네시아,21,483.2
명동 관광특구,관광특구,2026,07,인도네시아,22,205.35
명동 관광특구,관광특구,2026,07,인도네시아,23,79.99
명동 관광특구,관광특구,2026,07,카자흐스탄,01,21.73
명동 관광특구,관광특구,2026,07,카자흐스탄,02,13.35
명동 관광특구,관광특구,2026,07,카자흐스탄,03,8.03
명동 관광특구,관광특구,2026,07,카자흐스탄,04,14.28
명동 관광특구,관광특구,2026,07,카자흐스탄,05,9.84
명동 관광특구,관광특구,2026,07,카자흐스탄,06,38.01
명동 관광특구,관광특구,2026,07,카자흐스탄,07,25.57
명동 관광특구,관광특구,2026,07,카자흐스탄,08,47.11
명동 관광특구,관광특구,2026,07,카자흐스탄,09,119.09
명동 관광특구,관광특구,2026,07,카자흐스탄,10,205.05
명동 관광특구,관광특구,2026,07,카자흐스탄,11,260.16
명동 관광특구,관광특구,2026,07,카자흐스탄,12,273.37
명동 관광특구,관광특구,2026,07,카자흐스탄,13,394.22
명동 관광특구,관광특구,2026,07,카자흐스탄,14,465.38
명동 관광특구,관광특구,2026,07,카자흐스탄,15,460.02
명동 관광특구,관광특구,2026,07,카자흐스탄,16,476.77
명동 관광특구,관광특구,2026,07,카자흐스탄,17,552.65
명동 관광특구,관광특구,2026,07,카자흐스탄,18,563.11
명동 관광특구,관광특구,2026,07,카자흐스탄,19,616.6
명동 관광특구,관광특구,2026,07,카자흐스탄,20,561.37
명동 관광특구,관광특구,2026,07,카자흐스탄,21,422.34
명동 관광특구,관광특구,2026,07,카자흐스탄,22,241.08
명동 관광특구,관광특구,2026,07,카자흐스탄,23,90.68
명동 관광특구,관광특구,2026,07,우즈베키스탄,01,29.61
명동 관광특구,관광특구,2026,07,우즈베키스탄,02,9.39
명동 관광특구,관광특구,2026,07,우즈베키스탄,03,7.11
명동 관광특구,관광특구,2026,07,우즈베키스탄,04,9.36
명동 관광특구,관광특구,2026,07,우즈베키스탄,05,48.13
명동 관광특구,관광특구,2026,07,우즈베키스탄,06,45.62
명동 관광특구,관광특구,2026,07,우즈베키스탄,07,33.16
명동 관광특구,관광특구,2026,07,우즈베키스탄,08,122.05
명동 관광특구,관광특구,2026,07,우즈베키스탄,09,338.17
명동 관광특구,관광특구,2026,07,우즈베키스탄,10,355.94
명동 관광특구,관광특구,2026,07,우즈베키스탄,11,163.94
명동 관광특구,관광특구,2026,07,우즈베키스탄,12,304.63
명동 관광특구,관광특구,2026,07,우즈베키스탄,13,349.2
명동 관광특구,관광특구,2026,07,우즈베키스탄,14,307.38
명동 관광특구,관광특구,2026,07,우즈베키스탄,15,388.28
명동 관광특구,관광특구,2026,07,우즈베키스탄,16,429.74
명동 관광특구,관광특구,2026,07,우즈베키스탄,17,453.5
명동 관광특구,관광특구,2026,07,우즈베키스탄,18,398.28
명동 관광특구,관광특구,2026,07,우즈베키스탄,19,398.84
명동 관광특구,관광특구,2026,07,우즈베키스탄,20,383.82
명동 관광특구,관광특구,2026,07,우즈베키스탄,21,318.44
명동 관광특구,관광특구,2026,07,우즈베키스탄,22,144.55
명동 관광특구,관광특구,2026,07,우즈베키스탄,23,66.37
성수카페거리,발달상권,2026,07,기타,01,92.12
성수카페거리,발달상권,2026,07,기타,02,68.59
성수카페거리,발달상권,2026,07,기타,03,67.49
성수카페거리,발달상권,2026,07,기타,04,100.13
성수카페거리,발달상권,2026,07,기타,05,82.93
성수카페거리,발달상권,2026,07,기타,06,173.75
성수카페거리,발달상권,2026,07,기타,07,213.5
성수카페거리,발달상권,2026,07,기타,08,523.24
성수카페거리,발달상권,2026,07,기타,09,1323.45
성수카페거리,발달상권,2026,07,기타,10,2796.07
성수카페거리,발달상권,2026,07,기타,11,2911.66
성수카페거리,발달상권,2026,07,기타,12,4200.29
성수카페거리,발달상권,2026,07,기타,13,4527.75
성수카페거리,발달상권,2026,07,기타,14,5029.28
성수카페거리,발달상권,2026,07,기타,15,5220.75
성수카페거리,발달상권,2026,07,기타,16,5149.81
성수카페거리,발달상권,2026,07,기타,17,4984.28
성수카페거리,발달상권,2026,07,기타,18,5137.17
성수카페거리,발달상권,2026,07,기타,19,4266.11
성수카페거리,발달상권,2026,07,기타,20,2446.17
성수카페거리,발달상권,2026,07,기타,21,1330.23
성수카페거리,발달상권,2026,07,기타,22,630.41
성수카페거리,발달상권,2026,07,기타,23,275.87
성수카페거리,발달상권,2026,07,네팔,01,22.79
성수카페거리,발달상권,2026,07,네팔,02,27.14
성수카페거리,발달상권,2026,07,네팔,03,19.93
성수카페거리,발달상권,2026,07,네팔,04,11.32
성수카페거리,발달상권,2026,07,네팔,05,10.91
성수카페거리,발달상권,2026,07,네팔,06,84.89
성수카페거리,발달상권,2026,07,네팔,07,29.99
성수카페거리,발달상권,2026,07,네팔,08,133.64
성수카페거리,발달상권,2026,07,네팔,09,160.59
성수카페거리,발달상권,2026,07,네팔,10,123.07
성수카페거리,발달상권,2026,07,네팔,11,185.04
성수카페거리,발달상권,2026,07,네팔,12,99.67
성수카페거리,발달상권,2026,07,네팔,13,58.02
성수카페거리,발달상권,2026,07,네팔,14,57.93
성수카페거리,발달상권,2026,07,네팔,15,102.57
성수카페거리,발달상권,2026,07,네팔,16,110.61
성수카페거리,발달상권,2026,07,네팔,17,86.13
성수카페거리,발달상권,2026,07,네팔,18,97.41
성수카페거리,발달상권,2026,07,네팔,19,70.03
성수카페거리,발달상권,2026,07,네팔,20,61.57
성수카페거리,발달상권,2026,07,네팔,21,54.11
성수카페거리,발달상권,2026,07,네팔,22,116.57
성수카페거리,발달상권,2026,07,네팔,23,36.08
성수카페거리,발달상권,2026,07,몽골,01,7.58
성수카페거리,발달상권,2026,07,몽골,02,7.43
성수카페거리,발달상권,2026,07,몽골,03,3.41
성수카페거리,발달상권,2026,07,몽골,06,22.55
성수카페거리,발달상권,2026,07,몽골,07,51.14
성수카페거리,발달상권,2026,07,몽골,08,140.46
성수카페거리,발달상권,2026,07,몽골,09,127.65
성수카페거리,발달상권,2026,07,몽골,10,86.19
성수카페거리,발달상권,2026,07,몽골,11,150.65
성수카페거리,발달상권,2026,07,몽골,12,217.58
성수카페거리,발달상권,2026,07,몽골,13,296.94
성수카페거리,발달상권,2026,07,몽골,14,373.61
성수카페거리,발달상권,2026,07,몽골,15,400.16
성수카페거리,발달상권,2026,07,몽골,16,483.32
성수카페거리,발달상권,2026,07,몽골,17,518.54
성수카페거리,발달상권,2026,07,몽골,18,388.5
성수카페거리,발달상권,2026,07,몽골,19,354.54
성수카페거리,발달상권,2026,07,몽골,20,224.61
성수카페거리,발달상권,2026,07,몽골,21,122.66
성수카페거리,발달상권,2026,07,몽골,22,60.68
성수카페거리,발달상권,2026,07,몽골,23,33.57
성수카페거리,발달상권,2026,07,미국,01,19.25
성수카페거리,발달상권,2026,07,미국,02,16.21
성수카페거리,발달상권,2026,07,미국,03,13.37
성수카페거리,발달상권,2026,07,미국,04,15.45
성수카페거리,발달상권,2026,07,미국,05,12.92
성수카페거리,발달상권,2026,07,미국,06,57.5
성수카페거리,발달상권,2026,07,미국,07,58.2
성수카페거리,발달상권,2026,07,미국,08,148.78
성수카페거리,발달상권,2026,07,미국,09,313.36
성수카페거리,발달상권,2026,07,미국,10,552.36
성수카페거리,발달상권,2026,07,미국,11,786.43
성수카페거리,발달상권,2026,07,미국,12,994.95
성수카페거리,발달상권,2026,07,미국,13,1062.52
성수카페거리,발달상권,2026,07,미국,14,1211.05
성수카페거리,발달상권,2026,07,미국,15,1156.24
성수카페거리,발달상권,2026,07,미국,16,1104.3
성수카페거리,발달상권,2026,07,미국,17,1012.99
성수카페거리,발달상권,2026,07,미국,18,932.44
성수카페거리,발달상권,2026,07,미국,19,741.85
성수카페거리,발달상권,2026,07,미국,20,443.94
성수카페거리,발달상권,2026,07,미국,21,205.04
성수카페거리,발달상권,2026,07,미국,22,106.59
성수카페거리,발달상권,2026,07,미국,23,44.96
성수카페거리,발달상권,2026,07,인도,01,3.5
성수카페거리,발달상권,2026,07,인도,02,3.5
성수카페거리,발달상권,2026,07,인도,03,7.0
성수카페거리,발달상권,2026,07,인도,04,3.5
성수카페거리,발달상권,2026,07,인도,05,3.5
성수카페거리,발달상권,2026,07,인도,06,3.5
성수카페거리,발달상권,2026,07,인도,07,3.5
성수카페거리,발달상권,2026,07,인도,08,9.05
성수카페거리,발달상권,2026,07,인도,09,25.91
성수카페거리,발달상권,2026,07,인도,10,28.89
성수카페거리,발달상권,2026,07,인도,11,85.88
성수카페거리,발달상권,2026,07,인도,12,99.31
성수카페거리,발달상권,2026,07,인도,13,130.17
성수카페거리,발달상권,2026,07,인도,14,101.4
성수카페거리,발달상권,2026,07,인도,15,167.65
성수카페거리,발달상권,2026,07,인도,16,138.45
성수카페거리,발달상권,2026,07,인도,17,119.71
성수카페거리,발달상권,2026,07,인도,18,137.69
성수카페거리,발달상권,2026,07,인도,19,180.11
성수카페거리,발달상권,2026,07,인도,20,71.15
성수카페거리,발달상권,2026,07,인도,21,50.12
성수카페거리,발달상권,2026,07,인도,22,19.55
성수카페거리,발달상권,2026,07,인도,23,11.53
성수카페거리,발달상권,2026,07,일본,01,18.44
성수카페거리,발달상권,2026,07,일본,02,3.17
성수카페거리,발달상권,2026,07,일본,04,2.9
성수카페거리,발달상권,2026,07,일본,05,6.67
성수카페거리,발달상권,2026,07,일본,06,22.09
성수카페거리,발달상권,2026,07,일본,07,138.88
성수카페거리,발달상권,2026,07,일본,08,293.1
성수카페거리,발달상권,2026,07,일본,09,907.26
성수카페거리,발달상권,2026,07,일본,10,1796.05
성수카페거리,발달상권,2026,07,일본,11,2735.77
성수카페거리,발달상권,2026,07,일본,12,3100.52
성수카페거리,발달상권,2026,07,일본,13,3530.61
성수카페거리,발달상권,2026,07,일본,14,3553.87
성수카페거리,발달상권,2026,07,일본,15,3423.62
성수카페거리,발달상권,2026,07,일본,16,3015.9
성수카페거리,발달상권,2026,07,일본,17,2573.89
성수카페거리,발달상권,2026,07,일본,18,2025.63
성수카페거리,발달상권,2026,07,일본,19,1498.68
성수카페거리,발달상권,2026,07,일본,20,881.75
성수카페거리,발달상권,2026,07,일본,21,401.34
성수카페거리,발달상권,2026,07,일본,22,162.54
성수카페거리,발달상권,2026,07,일본,23,42.36
성수카페거리,발달상권,2026,07,중국,01,371.05
성수카페거리,발달상권,2026,07,중국,02,258.36
성수카페거리,발달상권,2026,07,중국,03,217.76
성수카페거리,발달상권,2026,07,중국,04,176.04
성수카페거리,발달상권,2026,07,중국,05,206.88
성수카페거리,발달상권,2026,07,중국,06,569.87
성수카페거리,발달상권,2026,07,중국,07,418.99
성수카페거리,발달상권,2026,07,중국,08,837.95
성수카페거리,발달상권,2026,07,중국,09,1386.15
성수카페거리,발달상권,2026,07,중국,10,2633.12
성수카페거리,발달상권,2026,07,중국,11,5188.1
성수카페거리,발달상권,2026,07,중국,12,7058.99
성수카페거리,발달상권,2026,07,중국,13,8255.1
성수카페거리,발달상권,2026,07,중국,14,9305.61
성수카페거리,발달상권,2026,07,중국,15,9803.34
성수카페거리,발달상권,2026,07,중국,16,9919.43
성수카페거리,발달상권,2026,07,중국,17,9574.47
성수카페거리,발달상권,2026,07,중국,18,8766.87
성수카페거리,발달상권,2026,07,중국,19,7428.88
성수카페거리,발달상권,2026,07,중국,20,5273.4
성수카페거리,발달상권,2026,07,중국,21,3367.76
성수카페거리,발달상권,2026,07,중국,22,1923.15
성수카페거리,발달상권,2026,07,중국,23,764.88
성수카페거리,발달상권,2026,07,태국,01,77.71
성수카페거리,발달상권,2026,07,태국,02,78.13
성수카페거리,발달상권,2026,07,태국,03,35.45
성수카페거리,발달상권,2026,07,태국,04,17.85
성수카페거리,발달상권,2026,07,태국,05,35.57
성수카페거리,발달상권,2026,07,태국,06,28.1
성수카페거리,발달상권,2026,07,태국,07,67.57
성수카페거리,발달상권,2026,07,태국,08,50.07
성수카페거리,발달상권,2026,07,태국,09,417.75
성수카페거리,발달상권,2026,07,태국,10,1427.66
성수카페거리,발달상권,2026,07,태국,11,3062.66
성수카페거리,발달상권,2026,07,태국,12,3853.06
성수카페거리,발달상권,2026,07,태국,13,5687.99
성수카페거리,발달상권,2026,07,태국,14,5482.1
성수카페거리,발달상권,2026,07,태국,15,5459.12
성수카페거리,발달상권,2026,07,태국,16,5660.57
성수카페거리,발달상권,2026,07,태국,17,4477.66
성수카페거리,발달상권,2026,07,태국,18,4023.63
성수카페거리,발달상권,2026,07,태국,19,2458.31
성수카페거리,발달상권,2026,07,태국,20,1685.52
성수카페거리,발달상권,2026,07,태국,21,735.59
성수카페거리,발달상권,2026,07,태국,22,492.92
성수카페거리,발달상권,2026,07,태국,23,66.91
성수카페거리,발달상권,2026,07,러시아,01,26.77
성수카페거리,발달상권,2026,07,러시아,02,4.9
성수카페거리,발달상권,2026,07,러시아,03,9.7
성수카페거리,발달상권,2026,07,러시아,04,7.31
성수카페거리,발달상권,2026,07,러시아,06,11.74
성수카페거리,발달상권,2026,07,러시아,07,14.47
성수카페거리,발달상권,2026,07,러시아,08,23.79
성수카페거리,발달상권,2026,07,러시아,09,27.74
성수카페거리,발달상권,2026,07,러시아,10,77.57
성수카페거리,발달상권,2026,07,러시아,11,113.89
성수카페거리,발달상권,2026,07,러시아,12,174.73
성수카페거리,발달상권,2026,07,러시아,13,177.5
성수카페거리,발달상권,2026,07,러시아,14,181.12
성수카페거리,발달상권,2026,07,러시아,15,283.62
성수카페거리,발달상권,2026,07,러시아,16,230.25
성수카페거리,발달상권,2026,07,러시아,17,229.54
성수카페거리,발달상권,2026,07,러시아,18,271.67
성수카페거리,발달상권,2026,07,러시아,19,217.14
성수카페거리,발달상권,2026,07,러시아,20,151.87
성수카페거리,발달상권,2026,07,러시아,21,63.8
성수카페거리,발달상권,2026,07,러시아,22,27.48
성수카페거리,발달상권,2026,07,러시아,23,49.06
성수카페거리,발달상권,2026,07,미얀마,01,2.5
성수카페거리,발달상권,2026,07,미얀마,02,2.51
성수카페거리,발달상권,2026,07,미얀마,03,2.67
성수카페거리,발달상권,2026,07,미얀마,04,3.76
성수카페거리,발달상권,2026,07,미얀마,05,3.5
성수카페거리,발달상권,2026,07,미얀마,06,5.77
성수카페거리,발달상권,2026,07,미얀마,07,4.77
성수카페거리,발달상권,2026,07,미얀마,08,23.71
성수카페거리,발달상권,2026,07,미얀마,09,70.03
성수카페거리,발달상권,2026,07,미얀마,10,40.19
성수카페거리,발달상권,2026,07,미얀마,11,65.55
성수카페거리,발달상권,2026,07,미얀마,12,84.24
성수카페거리,발달상권,2026,07,미얀마,13,73.54
성수카페거리,발달상권,2026,07,미얀마,14,105.6
성수카페거리,발달상권,2026,07,미얀마,15,104.42
성수카페거리,발달상권,2026,07,미얀마,16,128.69
성수카페거리,발달상권,2026,07,미얀마,17,141.57
성수카페거리,발달상권,2026,07,미얀마,18,87.55
성수카페거리,발달상권,2026,07,미얀마,19,83.34
성수카페거리,발달상권,2026,07,미얀마,20,57.09
성수카페거리,발달상권,2026,07,미얀마,21,49.14
성수카페거리,발달상권,2026,07,미얀마,22,15.04
성수카페거리,발달상권,2026,07,미얀마,23,14.54
성수카페거리,발달상권,2026,07,베트남,01,104.99
성수카페거리,발달상권,2026,07,베트남,02,67.31
성수카페거리,발달상권,2026,07,베트남,03,54.1
성수카페거리,발달상권,2026,07,베트남,04,33.78
성수카페거리,발달상권,2026,07,베트남,05,33.4
성수카페거리,발달상권,2026,07,베트남,06,219.55
성수카페거리,발달상권,2026,07,베트남,07,102.49
성수카페거리,발달상권,2026,07,베트남,08,436.69
성수카페거리,발달상권,2026,07,베트남,09,830.59
성수카페거리,발달상권,2026,07,베트남,10,553.72
성수카페거리,발달상권,2026,07,베트남,11,452.54
성수카페거리,발달상권,2026,07,베트남,12,968.15
성수카페거리,발달상권,2026,07,베트남,13,849.67
성수카페거리,발달상권,2026,07,베트남,14,930.14
성수카페거리,발달상권,2026,07,베트남,15,1116.26
성수카페거리,발달상권,2026,07,베트남,16,1435.59
성수카페거리,발달상권,2026,07,베트남,17,1416.56
성수카페거리,발달상권,2026,07,베트남,18,1453.63
성수카페거리,발달상권,2026,07,베트남,19,1406.22
성수카페거리,발달상권,2026,07,베트남,20,1116.52
성수카페거리,발달상권,2026,07,베트남,21,734.0
성수카페거리,발달상권,2026,07,베트남,22,589.39
성수카페거리,발달상권,2026,07,베트남,23,356.11
성수카페거리,발달상권,2026,07,캐나다,01,1.51
성수카페거리,발달상권,2026,07,캐나다,02,1.79
성수카페거리,발달상권,2026,07,캐나다,03,2.51
성수카페거리,발달상권,2026,07,캐나다,04,4.45
성수카페거리,발달상권,2026,07,캐나다,06,3.38
성수카페거리,발달상권,2026,07,캐나다,07,6.65
성수카페거리,발달상권,2026,07,캐나다,08,18.47
성수카페거리,발달상권,2026,07,캐나다,09,48.98
성수카페거리,발달상권,2026,07,캐나다,10,149.89
성수카페거리,발달상권,2026,07,캐나다,11,228.67
성수카페거리,발달상권,2026,07,캐나다,12,293.64
성수카페거리,발달상권,2026,07,캐나다,13,402.36
성수카페거리,발달상권,2026,07,캐나다,14,389.37
성수카페거리,발달상권,2026,07,캐나다,15,403.21
성수카페거리,발달상권,2026,07,캐나다,16,337.73
성수카페거리,발달상권,2026,07,캐나다,17,303.59
성수카페거리,발달상권,2026,07,캐나다,18,255.93
성수카페거리,발달상권,2026,07,캐나다,19,149.5
성수카페거리,발달상권,2026,07,캐나다,20,140.44
성수카페거리,발달상권,2026,07,캐나다,21,67.81
성수카페거리,발달상권,2026,07,캐나다,22,17.72
성수카페거리,발달상권,2026,07,캐나다,23,12.54
성수카페거리,발달상권,2026,07,프랑스,01,5.07
성수카페거리,발달상권,2026,07,프랑스,02,5.17
성수카페거리,발달상권,2026,07,프랑스,05,2.51
성수카페거리,발달상권,2026,07,프랑스,06,5.15
성수카페거리,발달상권,2026,07,프랑스,07,5.3
성수카페거리,발달상권,2026,07,프랑스,08,59.14
성수카페거리,발달상권,2026,07,프랑스,09,115.23
성수카페거리,발달상권,2026,07,프랑스,10,196.19
성수카페거리,발달상권,2026,07,프랑스,11,262.57
성수카페거리,발달상권,2026,07,프랑스,12,328.62
성수카페거리,발달상권,2026,07,프랑스,13,320.12
성수카페거리,발달상권,2026,07,프랑스,14,297.39
성수카페거리,발달상권,2026,07,프랑스,15,383.94
성수카페거리,발달상권,2026,07,프랑스,16,454.73
성수카페거리,발달상권,2026,07,프랑스,17,331.08
성수카페거리,발달상권,2026,07,프랑스,18,402.81
성수카페거리,발달상권,2026,07,프랑스,19,259.89
성수카페거리,발달상권,2026,07,프랑스,20,224.48
성수카페거리,발달상권,2026,07,프랑스,21,103.5
성수카페거리,발달상권,2026,07,프랑스,22,59.6
성수카페거리,발달상권,2026,07,프랑스,23,11.18
성수카페거리,발달상권,2026,07,필리핀,01,2.99
성수카페거리,발달상권,2026,07,필리핀,02,2.98
성수카페거리,발달상권,2026,07,필리핀,03,5.89
성수카페거리,발달상권,2026,07,필리핀,06,11.78
성수카페거리,발달상권,2026,07,필리핀,07,29.51
성수카페거리,발달상권,2026,07,필리핀,08,147.7
성수카페거리,발달상권,2026,07,필리핀,09,209.63
성수카페거리,발달상권,2026,07,필리핀,10,191.49
성수카페거리,발달상권,2026,07,필리핀,11,88.58
성수카페거리,발달상권,2026,07,필리핀,12,142.35
성수카페거리,발달상권,2026,07,필리핀,13,123.84
성수카페거리,발달상권,2026,07,필리핀,14,139.78
성수카페거리,발달상권,2026,07,필리핀,15,174.8
성수카페거리,발달상권,2026,07,필리핀,16,156.7
성수카페거리,발달상권,2026,07,필리핀,17,105.31
성수카페거리,발달상권,2026,07,필리핀,18,139.28
성수카페거리,발달상권,2026,07,필리핀,19,123.1
성수카페거리,발달상권,2026,07,필리핀,20,73.1
성수카페거리,발달상권,2026,07,필리핀,21,51.29
성수카페거리,발달상권,2026,07,필리핀,22,42.36
성수카페거리,발달상권,2026,07,필리핀,23,24.2
성수카페거리,발달상권,2026,07,스리랑카,02,2.79
성수카페거리,발달상권,2026,07,스리랑카,07,2.68
성수카페거리,발달상권,2026,07,스리랑카,09,186.12
성수카페거리,발달상권,2026,07,스리랑카,10,56.97
성수카페거리,발달상권,2026,07,스리랑카,11,7.94
성수카페거리,발달상권,2026,07,스리랑카,12,47.02
성수카페거리,발달상권,2026,07,스리랑카,13,8.32
성수카페거리,발달상권,2026,07,스리랑카,14,8.24
성수카페거리,발달상권,2026,07,스리랑카,15,3.26
성수카페거리,발달상권,2026,07,스리랑카,16,11.3
성수카페거리,발달상권,2026,07,스리랑카,17,5.33
성수카페거리,발달상권,2026,07,스리랑카,18,2.77
성수카페거리,발달상권,2026,07,스리랑카,19,14.92
성수카페거리,발달상권,2026,07,스리랑카,20,5.69
성수카페거리,발달상권,2026,07,스리랑카,21,3.22
성수카페거리,발달상권,2026,07,스리랑카,22,2.62
성수카페거리,발달상권,2026,07,캄보디아,01,1.76
성수카페거리,발달상권,2026,07,캄보디아,06,40.2
성수카페거리,발달상권,2026,07,캄보디아,07,2.87
성수카페거리,발달상권,2026,07,캄보디아,08,11.46
성수카페거리,발달상권,2026,07,캄보디아,09,112.4
성수카페거리,발달상권,2026,07,캄보디아,10,5.78
성수카페거리,발달상권,2026,07,캄보디아,11,23.57
성수카페거리,발달상권,2026,07,캄보디아,12,57.74
성수카페거리,발달상권,2026,07,캄보디아,13,28.26
성수카페거리,발달상권,2026,07,캄보디아,14,20.08
성수카페거리,발달상권,2026,07,캄보디아,15,28.54
성수카페거리,발달상권,2026,07,캄보디아,16,36.54
성수카페거리,발달상권,2026,07,캄보디아,17,24.78
성수카페거리,발달상권,2026,07,캄보디아,18,24.05
성수카페거리,발달상권,2026,07,캄보디아,19,17.25
성수카페거리,발달상권,2026,07,캄보디아,20,25.61
성수카페거리,발달상권,2026,07,캄보디아,21,2.87
성수카페거리,발달상권,2026,07,파키스탄,01,2.86
성수카페거리,발달상권,2026,07,파키스탄,07,2.57
성수카페거리,발달상권,2026,07,파키스탄,08,37.27
성수카페거리,발달상권,2026,07,파키스탄,09,111.18
성수카페거리,발달상권,2026,07,파키스탄,10,74.31
성수카페거리,발달상권,2026,07,파키스탄,11,55.18
성수카페거리,발달상권,2026,07,파키스탄,12,112.23
성수카페거리,발달상권,2026,07,파키스탄,13,53.5
성수카페거리,발달상권,2026,07,파키스탄,14,31.24
성수카페거리,발달상권,2026,07,파키스탄,15,25.91
성수카페거리,발달상권,2026,07,파키스탄,16,54.99
성수카페거리,발달상권,2026,07,파키스탄,17,68.01
성수카페거리,발달상권,2026,07,파키스탄,18,36.62
성수카페거리,발달상권,2026,07,파키스탄,19,38.45
성수카페거리,발달상권,2026,07,파키스탄,20,17.02
성수카페거리,발달상권,2026,07,파키스탄,21,20.12
성수카페거리,발달상권,2026,07,파키스탄,22,8.54
성수카페거리,발달상권,2026,07,파키스탄,23,2.88
성수카페거리,발달상권,2026,07,방글라데시,01,14.2
성수카페거리,발달상권,2026,07,방글라데시,02,17.35
성수카페거리,발달상권,2026,07,방글라데시,03,12.55
성수카페거리,발달상권,2026,07,방글라데시,04,4.74
성수카페거리,발달상권,2026,07,방글라데시,05,10.36
성수카페거리,발달상권,2026,07,방글라데시,06,4.77
성수카페거리,발달상권,2026,07,방글라데시,07,10.64
성수카페거리,발달상권,2026,07,방글라데시,08,24.95
성수카페거리,발달상권,2026,07,방글라데시,09,185.43
성수카페거리,발달상권,2026,07,방글라데시,10,52.78
성수카페거리,발달상권,2026,07,방글라데시,11,64.31
성수카페거리,발달상권,2026,07,방글라데시,12,77.02
성수카페거리,발달상권,2026,07,방글라데시,13,31.45
성수카페거리,발달상권,2026,07,방글라데시,14,44.32
성수카페거리,발달상권,2026,07,방글라데시,15,43.86
성수카페거리,발달상권,2026,07,방글라데시,16,67.52
성수카페거리,발달상권,2026,07,방글라데시,17,43.81
성수카페거리,발달상권,2026,07,방글라데시,18,51.24
성수카페거리,발달상권,2026,07,방글라데시,19,38.49
성수카페거리,발달상권,2026,07,방글라데시,20,26.44
성수카페거리,발달상권,2026,07,방글라데시,21,48.36
성수카페거리,발달상권,2026,07,방글라데시,22,37.16
성수카페거리,발달상권,2026,07,방글라데시,23,26.67
성수카페거리,발달상권,2026,07,인도네시아,01,2.48
성수카페거리,발달상권,2026,07,인도네시아,03,1.26
성수카페거리,발달상권,2026,07,인도네시아,04,2.47
성수카페거리,발달상권,2026,07,인도네시아,06,4.0
성수카페거리,발달상권,2026,07,인도네시아,07,37.17
성수카페거리,발달상권,2026,07,인도네시아,08,188.11
성수카페거리,발달상권,2026,07,인도네시아,09,210.86
성수카페거리,발달상권,2026,07,인도네시아,10,125.69
성수카페거리,발달상권,2026,07,인도네시아,11,170.98
성수카페거리,발달상권,2026,07,인도네시아,12,213.32
성수카페거리,발달상권,2026,07,인도네시아,13,235.13
성수카페거리,발달상권,2026,07,인도네시아,14,272.32
성수카페거리,발달상권,2026,07,인도네시아,15,270.06
성수카페거리,발달상권,2026,07,인도네시아,16,270.48
성수카페거리,발달상권,2026,07,인도네시아,17,244.59
성수카페거리,발달상권,2026,07,인도네시아,18,242.8
성수카페거리,발달상권,2026,07,인도네시아,19,188.63
성수카페거리,발달상권,2026,07,인도네시아,20,114.83
성수카페거리,발달상권,2026,07,인도네시아,21,46.47
성수카페거리,발달상권,2026,07,인도네시아,22,29.19
성수카페거리,발달상권,2026,07,인도네시아,23,12.32
성수카페거리,발달상권,2026,07,카자흐스탄,03,3.15
성수카페거리,발달상권,2026,07,카자흐스탄,05,6.16
성수카페거리,발달상권,2026,07,카자흐스탄,06,32.67
성수카페거리,발달상권,2026,07,카자흐스탄,07,20.66
성수카페거리,발달상권,2026,07,카자흐스탄,08,46.71
성수카페거리,발달상권,2026,07,카자흐스탄,09,60.34
성수카페거리,발달상권,2026,07,카자흐스탄,10,26.89
성수카페거리,발달상권,2026,07,카자흐스탄,11,44.57
성수카페거리,발달상권,2026,07,카자흐스탄,12,43.32
성수카페거리,발달상권,2026,07,카자흐스탄,13,61.91
성수카페거리,발달상권,2026,07,카자흐스탄,14,105.24
성수카페거리,발달상권,2026,07,카자흐스탄,15,100.72
성수카페거리,발달상권,2026,07,카자흐스탄,16,101.14
성수카페거리,발달상권,2026,07,카자흐스탄,17,138.72
성수카페거리,발달상권,2026,07,카자흐스탄,18,141.01
성수카페거리,발달상권,2026,07,카자흐스탄,19,89.94
성수카페거리,발달상권,2026,07,카자흐스탄,20,67.92
성수카페거리,발달상권,2026,07,카자흐스탄,21,21.99
성수카페거리,발달상권,2026,07,카자흐스탄,22,19.27
성수카페거리,발달상권,2026,07,카자흐스탄,23,5.14
성수카페거리,발달상권,2026,07,우즈베키스탄,01,13.76
성수카페거리,발달상권,2026,07,우즈베키스탄,02,13.69
성수카페거리,발달상권,2026,07,우즈베키스탄,03,9.33
성수카페거리,발달상권,2026,07,우즈베키스탄,04,14.07
성수카페거리,발달상권,2026,07,우즈베키스탄,05,6.17
성수카페거리,발달상권,2026,07,우즈베키스탄,06,44.82
성수카페거리,발달상권,2026,07,우즈베키스탄,07,38.94
성수카페거리,발달상권,2026,07,우즈베키스탄,08,62.85
성수카페거리,발달상권,2026,07,우즈베키스탄,09,196.86
성수카페거리,발달상권,2026,07,우즈베키스탄,10,134.45
성수카페거리,발달상권,2026,07,우즈베키스탄,11,64.28
성수카페거리,발달상권,2026,07,우즈베키스탄,12,196.23
성수카페거리,발달상권,2026,07,우즈베키스탄,13,115.96
성수카페거리,발달상권,2026,07,우즈베키스탄,14,62.77
성수카페거리,발달상권,2026,07,우즈베키스탄,15,104.61
성수카페거리,발달상권,2026,07,우즈베키스탄,16,115.38
성수카페거리,발달상권,2026,07,우즈베키스탄,17,133.94
성수카페거리,발달상권,2026,07,우즈베키스탄,18,52.89
성수카페거리,발달상권,2026,07,우즈베키스탄,19,129.12
성수카페거리,발달상권,2026,07,우즈베키스탄,20,87.58
성수카페거리,발달상권,2026,07,우즈베키스탄,21,75.55
성수카페거리,발달상권,2026,07,우즈베키스탄,22,18.69
성수카페거리,발달상권,2026,07,우즈베키스탄,23,10.87
경복궁,고궁·문화유산,2026,07,기타,04,0.83
경복궁,고궁·문화유산,2026,07,기타,05,7.85
경복궁,고궁·문화유산,2026,07,기타,07,10.4
경복궁,고궁·문화유산,2026,07,기타,08,107.51
경복궁,고궁·문화유산,2026,07,기타,09,130.84
경복궁,고궁·문화유산,2026,07,기타,10,115.38
경복궁,고궁·문화유산,2026,07,기타,11,134.21
경복궁,고궁·문화유산,2026,07,기타,12,205.63
경복궁,고궁·문화유산,2026,07,기타,13,248.66
경복궁,고궁·문화유산,2026,07,기타,14,258.77
경복궁,고궁·문화유산,2026,07,기타,15,226.34
경복궁,고궁·문화유산,2026,07,기타,16,254.44
경복궁,고궁·문화유산,2026,07,기타,17,130.45
경복궁,고궁·문화유산,2026,07,기타,18,95.13
경복궁,고궁·문화유산,2026,07,기타,19,95.76
경복궁,고궁·문화유산,2026,07,기타,20,84.6
경복궁,고궁·문화유산,2026,07,기타,21,44.56
경복궁,고궁·문화유산,2026,07,기타,22,1.61
경복궁,고궁·문화유산,2026,07,기타,23,2.37
경복궁,고궁·문화유산,2026,07,네팔,08,1.82
경복궁,고궁·문화유산,2026,07,네팔,09,2.22
경복궁,고궁·문화유산,2026,07,네팔,11,8.59
경복궁,고궁·문화유산,2026,07,네팔,12,9.32
경복궁,고궁·문화유산,2026,07,네팔,13,5.93
경복궁,고궁·문화유산,2026,07,네팔,14,12.8
경복궁,고궁·문화유산,2026,07,네팔,15,4.27
경복궁,고궁·문화유산,2026,07,네팔,16,4.57
경복궁,고궁·문화유산,2026,07,네팔,17,1.83
경복궁,고궁·문화유산,2026,07,네팔,18,2.35
경복궁,고궁·문화유산,2026,07,네팔,20,7.78
경복궁,고궁·문화유산,2026,07,네팔,21,1.79
경복궁,고궁·문화유산,2026,07,네팔,23,3.62
경복궁,고궁·문화유산,2026,07,몽골,07,3.39
경복궁,고궁·문화유산,2026,07,몽골,08,7.71
경복궁,고궁·문화유산,2026,07,몽골,09,40.97
경복궁,고궁·문화유산,2026,07,몽골,10,18.6
경복궁,고궁·문화유산,2026,07,몽골,11,32.25
경복궁,고궁·문화유산,2026,07,몽골,12,115.22
경복궁,고궁·문화유산,2026,07,몽골,13,10.4
경복궁,고궁·문화유산,2026,07,몽골,14,103.18
경복궁,고궁·문화유산,2026,07,몽골,15,24.41
경복궁,고궁·문화유산,2026,07,몽골,16,52.02
경복궁,고궁·문화유산,2026,07,몽골,17,36.25
경복궁,고궁·문화유산,2026,07,몽골,18,18.0
경복궁,고궁·문화유산,2026,07,몽골,21,11.35
경복궁,고궁·문화유산,2026,07,몽골,22,8.31
경복궁,고궁·문화유산,2026,07,미국,03,1.21
경복궁,고궁·문화유산,2026,07,미국,05,2.51
경복궁,고궁·문화유산,2026,07,미국,06,8.27
경복궁,고궁·문화유산,2026,07,미국,07,17.38
경복궁,고궁·문화유산,2026,07,미국,08,49.65
경복궁,고궁·문화유산,2026,07,미국,09,40.17
경복궁,고궁·문화유산,2026,07,미국,10,52.28
경복궁,고궁·문화유산,2026,07,미국,11,55.56
경복궁,고궁·문화유산,2026,07,미국,12,51.99
경복궁,고궁·문화유산,2026,07,미국,13,54.08
경복궁,고궁·문화유산,2026,07,미국,14,53.1
경복궁,고궁·문화유산,2026,07,미국,15,48.0
경복궁,고궁·문화유산,2026,07,미국,16,44.86
경복궁,고궁·문화유산,2026,07,미국,17,29.26
경복궁,고궁·문화유산,2026,07,미국,18,25.2
경복궁,고궁·문화유산,2026,07,미국,19,5.46
경복궁,고궁·문화유산,2026,07,미국,20,5.75
경복궁,고궁·문화유산,2026,07,미국,21,11.05
경복궁,고궁·문화유산,2026,07,미국,22,2.7
경복궁,고궁·문화유산,2026,07,미국,23,2.75
경복궁,고궁·문화유산,2026,07,인도,09,1.03
경복궁,고궁·문화유산,2026,07,인도,10,0.96
경복궁,고궁·문화유산,2026,07,인도,11,11.03
경복궁,고궁·문화유산,2026,07,인도,12,9.17
경복궁,고궁·문화유산,2026,07,인도,13,10.33
경복궁,고궁·문화유산,2026,07,인도,14,4.94
경복궁,고궁·문화유산,2026,07,인도,15,15.38
경복궁,고궁·문화유산,2026,07,인도,16,7.36
경복궁,고궁·문화유산,2026,07,인도,17,6.51
경복궁,고궁·문화유산,2026,07,인도,18,0.96
경복궁,고궁·문화유산,2026,07,인도,20,1.13
경복궁,고궁·문화유산,2026,07,인도,21,4.48
경복궁,고궁·문화유산,2026,07,일본,07,7.74
경복궁,고궁·문화유산,2026,07,일본,08,144.62
경복궁,고궁·문화유산,2026,07,일본,09,100.3
경복궁,고궁·문화유산,2026,07,일본,10,152.94
경복궁,고궁·문화유산,2026,07,일본,11,146.38
경복궁,고궁·문화유산,2026,07,일본,12,105.6
경복궁,고궁·문화유산,2026,07,일본,13,134.96
경복궁,고궁·문화유산,2026,07,일본,14,94.2
경복궁,고궁·문화유산,2026,07,일본,15,91.11
경복궁,고궁·문화유산,2026,07,일본,16,57.43
경복궁,고궁·문화유산,2026,07,일본,17,43.85
경복궁,고궁·문화유산,2026,07,일본,18,21.71
경복궁,고궁·문화유산,2026,07,일본,19,25.84
경복궁,고궁·문화유산,2026,07,일본,20,1.45
경복궁,고궁·문화유산,2026,07,일본,21,8.38
경복궁,고궁·문화유산,2026,07,일본,22,1.43
경복궁,고궁·문화유산,2026,07,일본,23,3.89
경복궁,고궁·문화유산,2026,07,중국,06,11.33
경복궁,고궁·문화유산,2026,07,중국,07,23.11
경복궁,고궁·문화유산,2026,07,중국,08,63.33
경복궁,고궁·문화유산,2026,07,중국,09,77.41
경복궁,고궁·문화유산,2026,07,중국,10,155.07
경복궁,고궁·문화유산,2026,07,중국,11,195.42
경복궁,고궁·문화유산,2026,07,중국,12,176.21
경복궁,고궁·문화유산,2026,07,중국,13,256.65
경복궁,고궁·문화유산,2026,07,중국,14,238.1
경복궁,고궁·문화유산,2026,07,중국,15,203.45
경복궁,고궁·문화유산,2026,07,중국,16,170.35
경복궁,고궁·문화유산,2026,07,중국,17,134.64
경복궁,고궁·문화유산,2026,07,중국,18,93.79
경복궁,고궁·문화유산,2026,07,중국,19,20.92
경복궁,고궁·문화유산,2026,07,중국,20,21.97
경복궁,고궁·문화유산,2026,07,중국,21,22.43
경복궁,고궁·문화유산,2026,07,중국,22,9.59
경복궁,고궁·문화유산,2026,07,중국,23,9.31
경복궁,고궁·문화유산,2026,07,태국,07,11.18
경복궁,고궁·문화유산,2026,07,태국,08,39.07
경복궁,고궁·문화유산,2026,07,태국,09,80.54
경복궁,고궁·문화유산,2026,07,태국,10,268.98
경복궁,고궁·문화유산,2026,07,태국,11,263.36
경복궁,고궁·문화유산,2026,07,태국,12,143.19
경복궁,고궁·문화유산,2026,07,태국,13,229.62
경복궁,고궁·문화유산,2026,07,태국,14,257.45
경복궁,고궁·문화유산,2026,07,태국,15,143.13
경복궁,고궁·문화유산,2026,07,태국,16,162.31
경복궁,고궁·문화유산,2026,07,태국,17,160.46
경복궁,고궁·문화유산,2026,07,태국,18,40.12
경복궁,고궁·문화유산,2026,07,태국,19,11.85
경복궁,고궁·문화유산,2026,07,태국,20,1.24
경복궁,고궁·문화유산,2026,07,태국,22,16.88
경복궁,고궁·문화유산,2026,07,러시아,06,2.38
경복궁,고궁·문화유산,2026,07,러시아,07,3.41
경복궁,고궁·문화유산,2026,07,러시아,09,2.36
경복궁,고궁·문화유산,2026,07,러시아,10,0.74
경복궁,고궁·문화유산,2026,07,러시아,11,2.47
경복궁,고궁·문화유산,2026,07,러시아,12,4.59
경복궁,고궁·문화유산,2026,07,러시아,13,10.08
경복궁,고궁·문화유산,2026,07,러시아,14,17.65
경복궁,고궁·문화유산,2026,07,러시아,15,9.75
경복궁,고궁·문화유산,2026,07,러시아,16,2.1
경복궁,고궁·문화유산,2026,07,러시아,17,14.36
경복궁,고궁·문화유산,2026,07,러시아,18,4.76
경복궁,고궁·문화유산,2026,07,러시아,20,0.99
경복궁,고궁·문화유산,2026,07,러시아,21,1.14
경복궁,고궁·문화유산,2026,07,러시아,23,1.13
경복궁,고궁·문화유산,2026,07,미얀마,07,1.24
경복궁,고궁·문화유산,2026,07,미얀마,08,1.26
경복궁,고궁·문화유산,2026,07,미얀마,09,5.36
경복궁,고궁·문화유산,2026,07,미얀마,12,8.02
경복궁,고궁·문화유산,2026,07,미얀마,13,8.61
경복궁,고궁·문화유산,2026,07,미얀마,14,4.51
경복궁,고궁·문화유산,2026,07,미얀마,15,14.33
경복궁,고궁·문화유산,2026,07,미얀마,16,16.19
경복궁,고궁·문화유산,2026,07,미얀마,17,3.69
경복궁,고궁·문화유산,2026,07,미얀마,18,2.26
경복궁,고궁·문화유산,2026,07,미얀마,20,1.26
경복궁,고궁·문화유산,2026,07,미얀마,21,1.43
경복궁,고궁·문화유산,2026,07,미얀마,22,5.15
경복궁,고궁·문화유산,2026,07,베트남,05,2.94
경복궁,고궁·문화유산,2026,07,베트남,06,8.73
경복궁,고궁·문화유산,2026,07,베트남,07,26.32
경복궁,고궁·문화유산,2026,07,베트남,08,58.41
경복궁,고궁·문화유산,2026,07,베트남,09,35.27
경복궁,고궁·문화유산,2026,07,베트남,10,36.21
경복궁,고궁·문화유산,2026,07,베트남,11,31.98
경복궁,고궁·문화유산,2026,07,베트남,12,41.38
경복궁,고궁·문화유산,2026,07,베트남,13,50.91
경복궁,고궁·문화유산,2026,07,베트남,14,48.72
경복궁,고궁·문화유산,2026,07,베트남,15,43.63
경복궁,고궁·문화유산,2026,07,베트남,16,51.0
경복궁,고궁·문화유산,2026,07,베트남,17,36.39
경복궁,고궁·문화유산,2026,07,베트남,18,31.95
경복궁,고궁·문화유산,2026,07,베트남,19,6.38
경복궁,고궁·문화유산,2026,07,베트남,21,2.31
경복궁,고궁·문화유산,2026,07,베트남,22,8.8
경복궁,고궁·문화유산,2026,07,캐나다,06,0.75
경복궁,고궁·문화유산,2026,07,캐나다,07,2.04
경복궁,고궁·문화유산,2026,07,캐나다,08,7.44
경복궁,고궁·문화유산,2026,07,캐나다,09,6.31
경복궁,고궁·문화유산,2026,07,캐나다,10,21.42
경복궁,고궁·문화유산,2026,07,캐나다,11,15.34
경복궁,고궁·문화유산,2026,07,캐나다,12,23.21
경복궁,고궁·문화유산,2026,07,캐나다,13,20.59
경복궁,고궁·문화유산,2026,07,캐나다,14,12.57
경복궁,고궁·문화유산,2026,07,캐나다,15,19.48
경복궁,고궁·문화유산,2026,07,캐나다,16,6.85
경복궁,고궁·문화유산,2026,07,캐나다,17,8.43
경복궁,고궁·문화유산,2026,07,캐나다,18,4.28
경복궁,고궁·문화유산,2026,07,캐나다,19,3.88
경복궁,고궁·문화유산,2026,07,캐나다,21,0.76
경복궁,고궁·문화유산,2026,07,프랑스,07,7.88
경복궁,고궁·문화유산,2026,07,프랑스,08,10.8
경복궁,고궁·문화유산,2026,07,프랑스,09,19.33
경복궁,고궁·문화유산,2026,07,프랑스,10,16.69
경복궁,고궁·문화유산,2026,07,프랑스,11,21.08
경복궁,고궁·문화유산,2026,07,프랑스,12,43.0
경복궁,고궁·문화유산,2026,07,프랑스,13,24.81
경복궁,고궁·문화유산,2026,07,프랑스,14,25.91
경복궁,고궁·문화유산,2026,07,프랑스,15,17.62
경복궁,고궁·문화유산,2026,07,프랑스,16,34.03
경복궁,고궁·문화유산,2026,07,프랑스,17,25.82
경복궁,고궁·문화유산,2026,07,프랑스,18,18.96
경복궁,고궁·문화유산,2026,07,프랑스,19,5.22
경복궁,고궁·문화유산,2026,07,프랑스,20,1.67
경복궁,고궁·문화유산,2026,07,프랑스,21,10.32
경복궁,고궁·문화유산,2026,07,프랑스,22,1.63
경복궁,고궁·문화유산,2026,07,프랑스,23,0.82
경복궁,고궁·문화유산,2026,07,필리핀,07,0.65
경복궁,고궁·문화유산,2026,07,필리핀,08,7.52
경복궁,고궁·문화유산,2026,07,필리핀,09,9.79
경복궁,고궁·문화유산,2026,07,필리핀,10,10.43
경복궁,고궁·문화유산,2026,07,필리핀,11,15.76
경복궁,고궁·문화유산,2026,07,필리핀,12,10.43
경복궁,고궁·문화유산,2026,07,필리핀,13,16.95
경복궁,고궁·문화유산,2026,07,필리핀,14,14.27
경복궁,고궁·문화유산,2026,07,필리핀,15,12.62
경복궁,고궁·문화유산,2026,07,필리핀,16,13.87
경복궁,고궁·문화유산,2026,07,필리핀,17,12.27
경복궁,고궁·문화유산,2026,07,필리핀,18,4.08
경복궁,고궁·문화유산,2026,07,필리핀,19,8.29
경복궁,고궁·문화유산,2026,07,필리핀,22,5.52
경복궁,고궁·문화유산,2026,07,스리랑카,09,0.63
경복궁,고궁·문화유산,2026,07,스리랑카,10,5.54
경복궁,고궁·문화유산,2026,07,스리랑카,11,6.33
경복궁,고궁·문화유산,2026,07,스리랑카,14,5.62
경복궁,고궁·문화유산,2026,07,스리랑카,15,2.77
경복궁,고궁·문화유산,2026,07,스리랑카,18,2.95
경복궁,고궁·문화유산,2026,07,캄보디아,09,3.28
경복궁,고궁·문화유산,2026,07,캄보디아,11,2.87
경복궁,고궁·문화유산,2026,07,캄보디아,12,3.28
경복궁,고궁·문화유산,2026,07,캄보디아,13,3.28
경복궁,고궁·문화유산,2026,07,캄보디아,14,6.55
경복궁,고궁·문화유산,2026,07,캄보디아,15,12.71
경복궁,고궁·문화유산,2026,07,캄보디아,16,6.14
경복궁,고궁·문화유산,2026,07,캄보디아,17,9.8
경복궁,고궁·문화유산,2026,07,캄보디아,18,3.28
경복궁,고궁·문화유산,2026,07,파키스탄,09,1.75
경복궁,고궁·문화유산,2026,07,파키스탄,15,5.72
경복궁,고궁·문화유산,2026,07,파키스탄,23,2.83
경복궁,고궁·문화유산,2026,07,방글라데시,10,2.72
경복궁,고궁·문화유산,2026,07,방글라데시,11,2.69
경복궁,고궁·문화유산,2026,07,인도네시아,07,1.29
경복궁,고궁·문화유산,2026,07,인도네시아,08,12.24
경복궁,고궁·문화유산,2026,07,인도네시아,09,1.26
경복궁,고궁·문화유산,2026,07,인도네시아,10,9.72
경복궁,고궁·문화유산,2026,07,인도네시아,11,11.87
경복궁,고궁·문화유산,2026,07,인도네시아,12,4.98
경복궁,고궁·문화유산,2026,07,인도네시아,13,11.68
경복궁,고궁·문화유산,2026,07,인도네시아,14,11.81
경복궁,고궁·문화유산,2026,07,인도네시아,15,13.87
경복궁,고궁·문화유산,2026,07,인도네시아,16,9.32
경복궁,고궁·문화유산,2026,07,인도네시아,17,4.26
경복궁,고궁·문화유산,2026,07,인도네시아,18,8.15
경복궁,고궁·문화유산,2026,07,인도네시아,19,10.15
경복궁,고궁·문화유산,2026,07,카자흐스탄,09,2.03
경복궁,고궁·문화유산,2026,07,카자흐스탄,10,2.96
경복궁,고궁·문화유산,2026,07,카자흐스탄,11,2.0
경복궁,고궁·문화유산,2026,07,카자흐스탄,14,13.62
경복궁,고궁·문화유산,2026,07,카자흐스탄,15,5.68
경복궁,고궁·문화유산,2026,07,카자흐스탄,16,8.9
경복궁,고궁·문화유산,2026,07,카자흐스탄,17,2.05
경복궁,고궁·문화유산,2026,07,카자흐스탄,18,2.08
경복궁,고궁·문화유산,2026,07,카자흐스탄,19,2.04
경복궁,고궁·문화유산,2026,07,우즈베키스탄,07,18.06
경복궁,고궁·문화유산,2026,07,우즈베키스탄,10,5.11
경복궁,고궁·문화유산,2026,07,우즈베키스탄,11,8.67
경복궁,고궁·문화유산,2026,07,우즈베키스탄,12,1.87
경복궁,고궁·문화유산,2026,07,우즈베키스탄,13,8.72
경복궁,고궁·문화유산,2026,07,우즈베키스탄,14,4.32
경복궁,고궁·문화유산,2026,07,우즈베키스탄,15,4.43
경복궁,고궁·문화유산,2026,07,우즈베키스탄,16,2.32
경복궁,고궁·문화유산,2026,07,우즈베키스탄,18,2.39
경복궁,고궁·문화유산,2026,07,우즈베키스탄,19,2.36
경복궁,고궁·문화유산,2026,07,우즈베키스탄,22,2.31
잠실 관광특구,관광특구,2026,07,기타,01,389.38
잠실 관광특구,관광특구,2026,07,기타,02,289.56
잠실 관광특구,관광특구,2026,07,기타,03,206.96
잠실 관광특구,관광특구,2026,07,기타,04,224.6
잠실 관광특구,관광특구,2026,07,기타,05,366.98
잠실 관광특구,관광특구,2026,07,기타,06,665.41
잠실 관광특구,관광특구,2026,07,기타,07,975.38
잠실 관광특구,관광특구,2026,07,기타,08,2466.77
잠실 관광특구,관광특구,2026,07,기타,09,3218.28
잠실 관광특구,관광특구,2026,07,기타,10,4532.87
잠실 관광특구,관광특구,2026,07,기타,11,6328.09
잠실 관광특구,관광특구,2026,07,기타,12,7649.06
잠실 관광특구,관광특구,2026,07,기타,13,7621.36
잠실 관광특구,관광특구,2026,07,기타,14,8471.25
잠실 관광특구,관광특구,2026,07,기타,15,9252.89
잠실 관광특구,관광특구,2026,07,기타,16,10245.17
잠실 관광특구,관광특구,2026,07,기타,17,9969.73
잠실 관광특구,관광특구,2026,07,기타,18,10162.52
잠실 관광특구,관광특구,2026,07,기타,19,8562.97
잠실 관광특구,관광특구,2026,07,기타,20,6712.31
잠실 관광특구,관광특구,2026,07,기타,21,5087.33
잠실 관광특구,관광특구,2026,07,기타,22,2578.01
잠실 관광특구,관광특구,2026,07,기타,23,1279.36
잠실 관광특구,관광특구,2026,07,네팔,01,5.4
잠실 관광특구,관광특구,2026,07,네팔,02,1.83
잠실 관광특구,관광특구,2026,07,네팔,05,1.78
잠실 관광특구,관광특구,2026,07,네팔,06,57.03
잠실 관광특구,관광특구,2026,07,네팔,07,48.31
잠실 관광특구,관광특구,2026,07,네팔,08,762.66
잠실 관광특구,관광특구,2026,07,네팔,09,705.01
잠실 관광특구,관광특구,2026,07,네팔,10,334.41
잠실 관광특구,관광특구,2026,07,네팔,11,172.19
잠실 관광특구,관광특구,2026,07,네팔,12,279.66
잠실 관광특구,관광특구,2026,07,네팔,13,266.0
잠실 관광특구,관광특구,2026,07,네팔,14,270.02
잠실 관광특구,관광특구,2026,07,네팔,15,297.71
잠실 관광특구,관광특구,2026,07,네팔,16,356.9
잠실 관광특구,관광특구,2026,07,네팔,17,424.83
잠실 관광특구,관광특구,2026,07,네팔,18,274.85
잠실 관광특구,관광특구,2026,07,네팔,19,213.72
잠실 관광특구,관광특구,2026,07,네팔,20,142.09
잠실 관광특구,관광특구,2026,07,네팔,21,90.79
잠실 관광특구,관광특구,2026,07,네팔,22,65.71
잠실 관광특구,관광특구,2026,07,네팔,23,28.01
잠실 관광특구,관광특구,2026,07,몽골,01,56.88
잠실 관광특구,관광특구,2026,07,몽골,02,71.69
잠실 관광특구,관광특구,2026,07,몽골,03,64.9
잠실 관광특구,관광특구,2026,07,몽골,04,71.8
잠실 관광특구,관광특구,2026,07,몽골,05,41.21
잠실 관광특구,관광특구,2026,07,몽골,06,179.67
잠실 관광특구,관광특구,2026,07,몽골,07,219.13
잠실 관광특구,관광특구,2026,07,몽골,08,1389.98
잠실 관광특구,관광특구,2026,07,몽골,09,1094.14
잠실 관광특구,관광특구,2026,07,몽골,10,1057.56
잠실 관광특구,관광특구,2026,07,몽골,11,833.96
잠실 관광특구,관광특구,2026,07,몽골,12,1057.2
잠실 관광특구,관광특구,2026,07,몽골,13,1304.85
잠실 관광특구,관광특구,2026,07,몽골,14,1268.09
잠실 관광특구,관광특구,2026,07,몽골,15,1404.72
잠실 관광특구,관광특구,2026,07,몽골,16,1805.94
잠실 관광특구,관광특구,2026,07,몽골,17,1741.1
잠실 관광특구,관광특구,2026,07,몽골,18,1464.89
잠실 관광특구,관광특구,2026,07,몽골,19,1058.98
잠실 관광특구,관광특구,2026,07,몽골,20,800.79
잠실 관광특구,관광특구,2026,07,몽골,21,535.48
잠실 관광특구,관광특구,2026,07,몽골,22,233.23
잠실 관광특구,관광특구,2026,07,몽골,23,126.24
잠실 관광특구,관광특구,2026,07,미국,01,134.12
잠실 관광특구,관광특구,2026,07,미국,02,122.62
잠실 관광특구,관광특구,2026,07,미국,03,110.87
잠실 관광특구,관광특구,2026,07,미국,04,85.94
잠실 관광특구,관광특구,2026,07,미국,05,159.81
잠실 관광특구,관광특구,2026,07,미국,06,274.97
잠실 관광특구,관광특구,2026,07,미국,07,365.48
잠실 관광특구,관광특구,2026,07,미국,08,683.49
잠실 관광특구,관광특구,2026,07,미국,09,1057.38
잠실 관광특구,관광특구,2026,07,미국,10,1895.64
잠실 관광특구,관광특구,2026,07,미국,11,2499.96
잠실 관광특구,관광특구,2026,07,미국,12,2458.88
잠실 관광특구,관광특구,2026,07,미국,13,2572.12
잠실 관광특구,관광특구,2026,07,미국,14,2586.63
잠실 관광특구,관광특구,2026,07,미국,15,2734.09
잠실 관광특구,관광특구,2026,07,미국,16,2703.51
잠실 관광특구,관광특구,2026,07,미국,17,2710.21
잠실 관광특구,관광특구,2026,07,미국,18,2719.01
잠실 관광특구,관광특구,2026,07,미국,19,2306.89
잠실 관광특구,관광특구,2026,07,미국,20,1717.83
잠실 관광특구,관광특구,2026,07,미국,21,1229.22
잠실 관광특구,관광특구,2026,07,미국,22,737.33
잠실 관광특구,관광특구,2026,07,미국,23,316.16
잠실 관광특구,관광특구,2026,07,인도,01,31.73
잠실 관광특구,관광특구,2026,07,인도,02,43.4
잠실 관광특구,관광특구,2026,07,인도,03,18.5
잠실 관광특구,관광특구,2026,07,인도,04,17.04
잠실 관광특구,관광특구,2026,07,인도,05,52.06
잠실 관광특구,관광특구,2026,07,인도,06,69.08
잠실 관광특구,관광특구,2026,07,인도,07,63.44
잠실 관광특구,관광특구,2026,07,인도,08,115.15
잠실 관광특구,관광특구,2026,07,인도,09,249.67
잠실 관광특구,관광특구,2026,07,인도,10,341.41
잠실 관광특구,관광특구,2026,07,인도,11,262.06
잠실 관광특구,관광특구,2026,07,인도,12,257.9
잠실 관광특구,관광특구,2026,07,인도,13,254.97
잠실 관광특구,관광특구,2026,07,인도,14,276.26
잠실 관광특구,관광특구,2026,07,인도,15,401.48
잠실 관광특구,관광특구,2026,07,인도,16,460.26
잠실 관광특구,관광특구,2026,07,인도,17,487.57
잠실 관광특구,관광특구,2026,07,인도,18,587.66
잠실 관광특구,관광특구,2026,07,인도,19,687.16
잠실 관광특구,관광특구,2026,07,인도,20,564.5
잠실 관광특구,관광특구,2026,07,인도,21,256.55
잠실 관광특구,관광특구,2026,07,인도,22,182.24
잠실 관광특구,관광특구,2026,07,인도,23,101.19
잠실 관광특구,관광특구,2026,07,일본,01,64.16
잠실 관광특구,관광특구,2026,07,일본,02,108.33
잠실 관광특구,관광특구,2026,07,일본,03,78.96
잠실 관광특구,관광특구,2026,07,일본,04,59.23
잠실 관광특구,관광특구,2026,07,일본,05,66.17
잠실 관광특구,관광특구,2026,07,일본,06,191.85
잠실 관광특구,관광특구,2026,07,일본,07,242.98
잠실 관광특구,관광특구,2026,07,일본,08,475.91
잠실 관광특구,관광특구,2026,07,일본,09,1014.95
잠실 관광특구,관광특구,2026,07,일본,10,1430.2
잠실 관광특구,관광특구,2026,07,일본,11,1447.43
잠실 관광특구,관광특구,2026,07,일본,12,1741.94
잠실 관광특구,관광특구,2026,07,일본,13,1769.33
잠실 관광특구,관광특구,2026,07,일본,14,1980.81
잠실 관광특구,관광특구,2026,07,일본,15,2220.3
잠실 관광특구,관광특구,2026,07,일본,16,2704.61
잠실 관광특구,관광특구,2026,07,일본,17,2443.58
잠실 관광특구,관광특구,2026,07,일본,18,2080.34
잠실 관광특구,관광특구,2026,07,일본,19,1479.57
잠실 관광특구,관광특구,2026,07,일본,20,1171.62
잠실 관광특구,관광특구,2026,07,일본,21,1073.26
잠실 관광특구,관광특구,2026,07,일본,22,605.09
잠실 관광특구,관광특구,2026,07,일본,23,267.38
잠실 관광특구,관광특구,2026,07,중국,01,190.74
잠실 관광특구,관광특구,2026,07,중국,02,156.16
잠실 관광특구,관광특구,2026,07,중국,03,111.47
잠실 관광특구,관광특구,2026,07,중국,04,153.13
잠실 관광특구,관광특구,2026,07,중국,05,208.18
잠실 관광특구,관광특구,2026,07,중국,06,600.48
잠실 관광특구,관광특구,2026,07,중국,07,822.79
잠실 관광특구,관광특구,2026,07,중국,08,1644.52
잠실 관광특구,관광특구,2026,07,중국,09,3170.66
잠실 관광특구,관광특구,2026,07,중국,10,4453.71
잠실 관광특구,관광특구,2026,07,중국,11,4556.92
잠실 관광특구,관광특구,2026,07,중국,12,4902.82
잠실 관광특구,관광특구,2026,07,중국,13,5306.79
잠실 관광특구,관광특구,2026,07,중국,14,6081.98
잠실 관광특구,관광특구,2026,07,중국,15,6956.77
잠실 관광특구,관광특구,2026,07,중국,16,7715.89
잠실 관광특구,관광특구,2026,07,중국,17,7284.11
잠실 관광특구,관광특구,2026,07,중국,18,5949.54
잠실 관광특구,관광특구,2026,07,중국,19,4062.55
잠실 관광특구,관광특구,2026,07,중국,20,2945.0
잠실 관광특구,관광특구,2026,07,중국,21,2008.35
잠실 관광특구,관광특구,2026,07,중국,22,1214.5
잠실 관광특구,관광특구,2026,07,중국,23,546.59
잠실 관광특구,관광특구,2026,07,태국,01,101.22
잠실 관광특구,관광특구,2026,07,태국,02,131.95
잠실 관광특구,관광특구,2026,07,태국,03,83.77
잠실 관광특구,관광특구,2026,07,태국,04,92.74
잠실 관광특구,관광특구,2026,07,태국,05,60.31
잠실 관광특구,관광특구,2026,07,태국,06,107.51
잠실 관광특구,관광특구,2026,07,태국,07,140.19
잠실 관광특구,관광특구,2026,07,태국,08,212.14
잠실 관광특구,관광특구,2026,07,태국,09,881.13
잠실 관광특구,관광특구,2026,07,태국,10,2377.11
잠실 관광특구,관광특구,2026,07,태국,11,2867.91
잠실 관광특구,관광특구,2026,07,태국,12,3419.71
잠실 관광특구,관광특구,2026,07,태국,13,3946.19
잠실 관광특구,관광특구,2026,07,태국,14,4017.23
잠실 관광특구,관광특구,2026,07,태국,15,4308.27
잠실 관광특구,관광특구,2026,07,태국,16,3737.25
잠실 관광특구,관광특구,2026,07,태국,17,3666.76
잠실 관광특구,관광특구,2026,07,태국,18,3619.57
잠실 관광특구,관광특구,2026,07,태국,19,3071.97
잠실 관광특구,관광특구,2026,07,태국,20,2322.47
잠실 관광특구,관광특구,2026,07,태국,21,1762.7
잠실 관광특구,관광특구,2026,07,태국,22,1167.23
잠실 관광특구,관광특구,2026,07,태국,23,467.74
잠실 관광특구,관광특구,2026,07,러시아,01,28.62
잠실 관광특구,관광특구,2026,07,러시아,02,24.27
잠실 관광특구,관광특구,2026,07,러시아,03,23.44
잠실 관광특구,관광특구,2026,07,러시아,04,26.31
잠실 관광특구,관광특구,2026,07,러시아,05,14.06
잠실 관광특구,관광특구,2026,07,러시아,06,42.72
잠실 관광특구,관광특구,2026,07,러시아,07,26.69
잠실 관광특구,관광특구,2026,07,러시아,08,163.53
잠실 관광특구,관광특구,2026,07,러시아,09,250.4
잠실 관광특구,관광특구,2026,07,러시아,10,345.8
잠실 관광특구,관광특구,2026,07,러시아,11,465.86
잠실 관광특구,관광특구,2026,07,러시아,12,505.94
잠실 관광특구,관광특구,2026,07,러시아,13,604.82
잠실 관광특구,관광특구,2026,07,러시아,14,650.73
잠실 관광특구,관광특구,2026,07,러시아,15,794.84
잠실 관광특구,관광특구,2026,07,러시아,16,919.7
잠실 관광특구,관광특구,2026,07,러시아,17,825.41
잠실 관광특구,관광특구,2026,07,러시아,18,767.43
잠실 관광특구,관광특구,2026,07,러시아,19,622.09
잠실 관광특구,관광특구,2026,07,러시아,20,473.3
잠실 관광특구,관광특구,2026,07,러시아,21,352.66
잠실 관광특구,관광특구,2026,07,러시아,22,316.29
잠실 관광특구,관광특구,2026,07,러시아,23,85.71
잠실 관광특구,관광특구,2026,07,미얀마,01,5.0
잠실 관광특구,관광특구,2026,07,미얀마,05,9.77
잠실 관광특구,관광특구,2026,07,미얀마,06,23.41
잠실 관광특구,관광특구,2026,07,미얀마,07,22.46
잠실 관광특구,관광특구,2026,07,미얀마,08,35.84
잠실 관광특구,관광특구,2026,07,미얀마,09,76.27
잠실 관광특구,관광특구,2026,07,미얀마,10,164.64
잠실 관광특구,관광특구,2026,07,미얀마,11,77.8
잠실 관광특구,관광특구,2026,07,미얀마,12,153.19
잠실 관광특구,관광특구,2026,07,미얀마,13,167.41
잠실 관광특구,관광특구,2026,07,미얀마,14,134.03
잠실 관광특구,관광특구,2026,07,미얀마,15,213.76
잠실 관광특구,관광특구,2026,07,미얀마,16,206.89
잠실 관광특구,관광특구,2026,07,미얀마,17,176.69
잠실 관광특구,관광특구,2026,07,미얀마,18,200.8
잠실 관광특구,관광특구,2026,07,미얀마,19,124.46
잠실 관광특구,관광특구,2026,07,미얀마,20,63.77
잠실 관광특구,관광특구,2026,07,미얀마,21,44.21
잠실 관광특구,관광특구,2026,07,미얀마,22,58.18
잠실 관광특구,관광특구,2026,07,미얀마,23,8.21
잠실 관광특구,관광특구,2026,07,베트남,01,92.68
잠실 관광특구,관광특구,2026,07,베트남,02,72.52
잠실 관광특구,관광특구,2026,07,베트남,03,42.46
잠실 관광특구,관광특구,2026,07,베트남,04,28.03
잠실 관광특구,관광특구,2026,07,베트남,05,26.35
잠실 관광특구,관광특구,2026,07,베트남,06,99.34
잠실 관광특구,관광특구,2026,07,베트남,07,171.78
잠실 관광특구,관광특구,2026,07,베트남,08,912.22
잠실 관광특구,관광특구,2026,07,베트남,09,1558.86
잠실 관광특구,관광특구,2026,07,베트남,10,1408.79
잠실 관광특구,관광특구,2026,07,베트남,11,1184.04
잠실 관광특구,관광특구,2026,07,베트남,12,1138.7
잠실 관광특구,관광특구,2026,07,베트남,13,1059.45
잠실 관광특구,관광특구,2026,07,베트남,14,1247.34
잠실 관광특구,관광특구,2026,07,베트남,15,1487.99
잠실 관광특구,관광특구,2026,07,베트남,16,1420.33
잠실 관광특구,관광특구,2026,07,베트남,17,1279.33
잠실 관광특구,관광특구,2026,07,베트남,18,1178.1
잠실 관광특구,관광특구,2026,07,베트남,19,862.81
잠실 관광특구,관광특구,2026,07,베트남,20,707.62
잠실 관광특구,관광특구,2026,07,베트남,21,479.47
잠실 관광특구,관광특구,2026,07,베트남,22,303.48
잠실 관광특구,관광특구,2026,07,베트남,23,201.39
잠실 관광특구,관광특구,2026,07,캐나다,01,20.7
잠실 관광특구,관광특구,2026,07,캐나다,02,10.97
잠실 관광특구,관광특구,2026,07,캐나다,03,12.55
잠실 관광특구,관광특구,2026,07,캐나다,04,7.74
잠실 관광특구,관광특구,2026,07,캐나다,05,22.14
잠실 관광특구,관광특구,2026,07,캐나다,06,29.0
잠실 관광특구,관광특구,2026,07,캐나다,07,66.43
잠실 관광특구,관광특구,2026,07,캐나다,08,105.87
잠실 관광특구,관광특구,2026,07,캐나다,09,199.74
잠실 관광특구,관광특구,2026,07,캐나다,10,399.3
잠실 관광특구,관광특구,2026,07,캐나다,11,473.78
잠실 관광특구,관광특구,2026,07,캐나다,12,539.63
잠실 관광특구,관광특구,2026,07,캐나다,13,559.35
잠실 관광특구,관광특구,2026,07,캐나다,14,585.68
잠실 관광특구,관광특구,2026,07,캐나다,15,569.93
잠실 관광특구,관광특구,2026,07,캐나다,16,564.85
잠실 관광특구,관광특구,2026,07,캐나다,17,503.27
잠실 관광특구,관광특구,2026,07,캐나다,18,488.26
잠실 관광특구,관광특구,2026,07,캐나다,19,430.33
잠실 관광특구,관광특구,2026,07,캐나다,20,339.02
잠실 관광특구,관광특구,2026,07,캐나다,21,260.26
잠실 관광특구,관광특구,2026,07,캐나다,22,116.68
잠실 관광특구,관광특구,2026,07,캐나다,23,53.66
잠실 관광특구,관광특구,2026,07,프랑스,01,9.36
잠실 관광특구,관광특구,2026,07,프랑스,02,8.51
잠실 관광특구,관광특구,2026,07,프랑스,03,1.69
잠실 관광특구,관광특구,2026,07,프랑스,04,3.32
잠실 관광특구,관광특구,2026,07,프랑스,05,6.71
잠실 관광특구,관광특구,2026,07,프랑스,06,7.48
잠실 관광특구,관광특구,2026,07,프랑스,07,8.53
잠실 관광특구,관광특구,2026,07,프랑스,08,22.17
잠실 관광특구,관광특구,2026,07,프랑스,09,103.75
잠실 관광특구,관광특구,2026,07,프랑스,10,231.98
잠실 관광특구,관광특구,2026,07,프랑스,11,323.23
잠실 관광특구,관광특구,2026,07,프랑스,12,333.74
잠실 관광특구,관광특구,2026,07,프랑스,13,428.19
잠실 관광특구,관광특구,2026,07,프랑스,14,448.35
잠실 관광특구,관광특구,2026,07,프랑스,15,468.33
잠실 관광특구,관광특구,2026,07,프랑스,16,465.34
잠실 관광특구,관광특구,2026,07,프랑스,17,482.81
잠실 관광특구,관광특구,2026,07,프랑스,18,511.51
잠실 관광특구,관광특구,2026,07,프랑스,19,382.79
잠실 관광특구,관광특구,2026,07,프랑스,20,304.62
잠실 관광특구,관광특구,2026,07,프랑스,21,209.99
잠실 관광특구,관광특구,2026,07,프랑스,22,131.53
잠실 관광특구,관광특구,2026,07,프랑스,23,52.66
잠실 관광특구,관광특구,2026,07,필리핀,01,1.35
잠실 관광특구,관광특구,2026,07,필리핀,02,0.7
잠실 관광특구,관광특구,2026,07,필리핀,03,1.37
잠실 관광특구,관광특구,2026,07,필리핀,05,6.56
잠실 관광특구,관광특구,2026,07,필리핀,06,18.08
잠실 관광특구,관광특구,2026,07,필리핀,07,74.26
잠실 관광특구,관광특구,2026,07,필리핀,08,47.79
잠실 관광특구,관광특구,2026,07,필리핀,09,180.54
잠실 관광특구,관광특구,2026,07,필리핀,10,221.82
잠실 관광특구,관광특구,2026,07,필리핀,11,201.71
잠실 관광특구,관광특구,2026,07,필리핀,12,280.18
잠실 관광특구,관광특구,2026,07,필리핀,13,284.47
잠실 관광특구,관광특구,2026,07,필리핀,14,309.85
잠실 관광특구,관광특구,2026,07,필리핀,15,409.89
잠실 관광특구,관광특구,2026,07,필리핀,16,395.13
잠실 관광특구,관광특구,2026,07,필리핀,17,389.95
잠실 관광특구,관광특구,2026,07,필리핀,18,363.65
잠실 관광특구,관광특구,2026,07,필리핀,19,214.21
잠실 관광특구,관광특구,2026,07,필리핀,20,176.8
잠실 관광특구,관광특구,2026,07,필리핀,21,94.51
잠실 관광특구,관광특구,2026,07,필리핀,22,36.91
잠실 관광특구,관광특구,2026,07,필리핀,23,17.65
잠실 관광특구,관광특구,2026,07,스리랑카,02,3.03
잠실 관광특구,관광특구,2026,07,스리랑카,05,2.62
잠실 관광특구,관광특구,2026,07,스리랑카,07,2.7
잠실 관광특구,관광특구,2026,07,스리랑카,08,5.62
잠실 관광특구,관광특구,2026,07,스리랑카,09,5.3
잠실 관광특구,관광특구,2026,07,스리랑카,10,20.02
잠실 관광특구,관광특구,2026,07,스리랑카,11,16.34
잠실 관광특구,관광특구,2026,07,스리랑카,12,46.96
잠실 관광특구,관광특구,2026,07,스리랑카,13,36.34
잠실 관광특구,관광특구,2026,07,스리랑카,14,29.85
잠실 관광특구,관광특구,2026,07,스리랑카,15,39.35
잠실 관광특구,관광특구,2026,07,스리랑카,16,26.49
잠실 관광특구,관광특구,2026,07,스리랑카,17,34.55
잠실 관광특구,관광특구,2026,07,스리랑카,18,26.93
잠실 관광특구,관광특구,2026,07,스리랑카,19,44.5
잠실 관광특구,관광특구,2026,07,스리랑카,20,23.5
잠실 관광특구,관광특구,2026,07,스리랑카,21,12.37
잠실 관광특구,관광특구,2026,07,스리랑카,22,3.43
잠실 관광특구,관광특구,2026,07,캄보디아,02,5.27
잠실 관광특구,관광특구,2026,07,캄보디아,04,3.48
잠실 관광특구,관광특구,2026,07,캄보디아,05,1.76
잠실 관광특구,관광특구,2026,07,캄보디아,07,6.13
잠실 관광특구,관광특구,2026,07,캄보디아,08,6.55
잠실 관광특구,관광특구,2026,07,캄보디아,09,35.29
잠실 관광특구,관광특구,2026,07,캄보디아,10,44.39
잠실 관광특구,관광특구,2026,07,캄보디아,11,60.47
잠실 관광특구,관광특구,2026,07,캄보디아,12,49.69
잠실 관광특구,관광특구,2026,07,캄보디아,13,83.84
잠실 관광특구,관광특구,2026,07,캄보디아,14,82.05
잠실 관광특구,관광특구,2026,07,캄보디아,15,133.94
잠실 관광특구,관광특구,2026,07,캄보디아,16,111.69
잠실 관광특구,관광특구,2026,07,캄보디아,17,130.93
잠실 관광특구,관광특구,2026,07,캄보디아,18,58.02
잠실 관광특구,관광특구,2026,07,캄보디아,19,56.13
잠실 관광특구,관광특구,2026,07,캄보디아,20,73.17
잠실 관광특구,관광특구,2026,07,캄보디아,21,32.65
잠실 관광특구,관광특구,2026,07,캄보디아,22,34.02
잠실 관광특구,관광특구,2026,07,캄보디아,23,6.75
잠실 관광특구,관광특구,2026,07,파키스탄,01,2.85
잠실 관광특구,관광특구,2026,07,파키스탄,02,5.71
잠실 관광특구,관광특구,2026,07,파키스탄,04,2.85
잠실 관광특구,관광특구,2026,07,파키스탄,06,16.67
잠실 관광특구,관광특구,2026,07,파키스탄,09,10.48
잠실 관광특구,관광특구,2026,07,파키스탄,10,50.89
잠실 관광특구,관광특구,2026,07,파키스탄,11,30.02
잠실 관광특구,관광특구,2026,07,파키스탄,12,43.73
잠실 관광특구,관광특구,2026,07,파키스탄,13,89.67
잠실 관광특구,관광특구,2026,07,파키스탄,14,75.59
잠실 관광특구,관광특구,2026,07,파키스탄,15,113.11
잠실 관광특구,관광특구,2026,07,파키스탄,16,119.43
잠실 관광특구,관광특구,2026,07,파키스탄,17,99.93
잠실 관광특구,관광특구,2026,07,파키스탄,18,104.38
잠실 관광특구,관광특구,2026,07,파키스탄,19,100.2
잠실 관광특구,관광특구,2026,07,파키스탄,20,73.15
잠실 관광특구,관광특구,2026,07,파키스탄,21,56.32
잠실 관광특구,관광특구,2026,07,파키스탄,22,56.51
잠실 관광특구,관광특구,2026,07,파키스탄,23,7.35
잠실 관광특구,관광특구,2026,07,방글라데시,01,3.07
잠실 관광특구,관광특구,2026,07,방글라데시,02,1.59
잠실 관광특구,관광특구,2026,07,방글라데시,06,5.98
잠실 관광특구,관광특구,2026,07,방글라데시,07,37.89
잠실 관광특구,관광특구,2026,07,방글라데시,08,102.25
잠실 관광특구,관광특구,2026,07,방글라데시,09,72.89
잠실 관광특구,관광특구,2026,07,방글라데시,10,158.44
잠실 관광특구,관광특구,2026,07,방글라데시,11,97.65
잠실 관광특구,관광특구,2026,07,방글라데시,12,105.25
잠실 관광특구,관광특구,2026,07,방글라데시,13,64.9
잠실 관광특구,관광특구,2026,07,방글라데시,14,120.92
잠실 관광특구,관광특구,2026,07,방글라데시,15,120.52
잠실 관광특구,관광특구,2026,07,방글라데시,16,124.66
잠실 관광특구,관광특구,2026,07,방글라데시,17,174.02
잠실 관광특구,관광특구,2026,07,방글라데시,18,148.08
잠실 관광특구,관광특구,2026,07,방글라데시,19,135.36
잠실 관광특구,관광특구,2026,07,방글라데시,20,109.3
잠실 관광특구,관광특구,2026,07,방글라데시,21,78.06
잠실 관광특구,관광특구,2026,07,방글라데시,22,40.66
잠실 관광특구,관광특구,2026,07,방글라데시,23,16.56
잠실 관광특구,관광특구,2026,07,인도네시아,01,3.68
잠실 관광특구,관광특구,2026,07,인도네시아,02,1.31
잠실 관광특구,관광특구,2026,07,인도네시아,03,1.31
잠실 관광특구,관광특구,2026,07,인도네시아,04,6.09
잠실 관광특구,관광특구,2026,07,인도네시아,05,14.81
잠실 관광특구,관광특구,2026,07,인도네시아,06,10.78
잠실 관광특구,관광특구,2026,07,인도네시아,07,7.33
잠실 관광특구,관광특구,2026,07,인도네시아,08,30.15
잠실 관광특구,관광특구,2026,07,인도네시아,09,83.1
잠실 관광특구,관광특구,2026,07,인도네시아,10,152.24
잠실 관광특구,관광특구,2026,07,인도네시아,11,149.11
잠실 관광특구,관광특구,2026,07,인도네시아,12,231.44
잠실 관광특구,관광특구,2026,07,인도네시아,13,223.77
잠실 관광특구,관광특구,2026,07,인도네시아,14,255.08
잠실 관광특구,관광특구,2026,07,인도네시아,15,336.26
잠실 관광특구,관광특구,2026,07,인도네시아,16,381.84
잠실 관광특구,관광특구,2026,07,인도네시아,17,396.12
잠실 관광특구,관광특구,2026,07,인도네시아,18,308.48
잠실 관광특구,관광특구,2026,07,인도네시아,19,192.45
잠실 관광특구,관광특구,2026,07,인도네시아,20,153.43
잠실 관광특구,관광특구,2026,07,인도네시아,21,123.87
잠실 관광특구,관광특구,2026,07,인도네시아,22,71.85
잠실 관광특구,관광특구,2026,07,인도네시아,23,18.42
잠실 관광특구,관광특구,2026,07,카자흐스탄,01,11.15
잠실 관광특구,관광특구,2026,07,카자흐스탄,02,7.05
잠실 관광특구,관광특구,2026,07,카자흐스탄,03,21.64
잠실 관광특구,관광특구,2026,07,카자흐스탄,04,16.38
잠실 관광특구,관광특구,2026,07,카자흐스탄,05,10.91
잠실 관광특구,관광특구,2026,07,카자흐스탄,06,22.33
잠실 관광특구,관광특구,2026,07,카자흐스탄,07,30.3
잠실 관광특구,관광특구,2026,07,카자흐스탄,08,54.33
잠실 관광특구,관광특구,2026,07,카자흐스탄,09,56.63
잠실 관광특구,관광특구,2026,07,카자흐스탄,10,175.25
잠실 관광특구,관광특구,2026,07,카자흐스탄,11,322.18
잠실 관광특구,관광특구,2026,07,카자흐스탄,12,365.51
잠실 관광특구,관광특구,2026,07,카자흐스탄,13,378.85
잠실 관광특구,관광특구,2026,07,카자흐스탄,14,428.83
잠실 관광특구,관광특구,2026,07,카자흐스탄,15,422.69
잠실 관광특구,관광특구,2026,07,카자흐스탄,16,519.18
잠실 관광특구,관광특구,2026,07,카자흐스탄,17,490.05
잠실 관광특구,관광특구,2026,07,카자흐스탄,18,470.61
잠실 관광특구,관광특구,2026,07,카자흐스탄,19,387.79
잠실 관광특구,관광특구,2026,07,카자흐스탄,20,358.16
잠실 관광특구,관광특구,2026,07,카자흐스탄,21,238.57
잠실 관광특구,관광특구,2026,07,카자흐스탄,22,168.23
잠실 관광특구,관광특구,2026,07,카자흐스탄,23,62.66
잠실 관광특구,관광특구,2026,07,우즈베키스탄,01,89.05
잠실 관광특구,관광특구,2026,07,우즈베키스탄,02,55.81
잠실 관광특구,관광특구,2026,07,우즈베키스탄,03,70.42
잠실 관광특구,관광특구,2026,07,우즈베키스탄,04,37.09
잠실 관광특구,관광특구,2026,07,우즈베키스탄,05,30.87
잠실 관광특구,관광특구,2026,07,우즈베키스탄,06,41.51
잠실 관광특구,관광특구,2026,07,우즈베키스탄,07,79.47
잠실 관광특구,관광특구,2026,07,우즈베키스탄,08,127.05
잠실 관광특구,관광특구,2026,07,우즈베키스탄,09,183.94
잠실 관광특구,관광특구,2026,07,우즈베키스탄,10,264.91
잠실 관광특구,관광특구,2026,07,우즈베키스탄,11,289.92
잠실 관광특구,관광특구,2026,07,우즈베키스탄,12,290.93
잠실 관광특구,관광특구,2026,07,우즈베키스탄,13,306.6
잠실 관광특구,관광특구,2026,07,우즈베키스탄,14,385.03
잠실 관광특구,관광특구,2026,07,우즈베키스탄,15,350.23
잠실 관광특구,관광특구,2026,07,우즈베키스탄,16,404.37
잠실 관광특구,관광특구,2026,07,우즈베키스탄,17,351.22
잠실 관광특구,관광특구,2026,07,우즈베키스탄,18,412.44
잠실 관광특구,관광특구,2026,07,우즈베키스탄,19,320.77
잠실 관광특구,관광특구,2026,07,우즈베키스탄,20,259.49
잠실 관광특구,관광특구,2026,07,우즈베키스탄,21,261.11
잠실 관광특구,관광특구,2026,07,우즈베키스탄,22,127.27
잠실 관광특구,관광특구,2026,07,우즈베키스탄,23,83.87
